Time [s], Analyzer Name, Decoded Protocol Result
0.000018083333333,SPI,MOSI: 0xFFFF
0.020013708333333,SPI,MOSI: 0xFFFF
0.040009375000000,SPI,MOSI: 0xFFFF
0.060017041666667,SPI,MOSI: 0xFFFF
0.080012666666667,SPI,MOSI: 0xFFFF
0.100008291666667,SPI,MOSI: 0xFFFF
0.120015958333333,SPI,MOSI: 0xFFFF
0.140011583333333,SPI,MOSI: 0xFFFF
0.160019250000000,SPI,MOSI: 0xFFFF
0.180014875000000,SPI,MOSI: 0xFFFF
0.200010541666667,SPI,MOSI: 0xFFFF
0.220018208333333,SPI,MOSI: 0xFFFF
0.240013833333333,SPI,MOSI: 0xFFFF
0.260009458333333,SPI,MOSI: 0xFFFF
0.280017125000000,SPI,MOSI: 0xFFFF
0.300012750000000,SPI,MOSI: 0xFFFF
0.320020416666667,SPI,MOSI: 0xFFFF
0.340016041666667,SPI,MOSI: 0xFFFF
0.360011708333333,SPI,MOSI: 0xFFFF
0.380019333333333,SPI,MOSI: 0xFFFF
0.400015000000000,SPI,MOSI: 0xFFFF
0.420010625000000,SPI,MOSI: 0xFFFF
0.440018291666667,SPI,MOSI: 0xFFFF
0.460013916666667,SPI,MOSI: 0xFFFF
0.480021583333333,SPI,MOSI: 0xFFFF
0.500017208333333,SPI,MOSI: 0xFFFF
0.520012833333333,SPI,MOSI: 0xFFFF
0.540020500000000,SPI,MOSI: 0xFFFF
0.560016166666667,SPI,MOSI: 0xFFFF
0.580011791666667,SPI,MOSI: 0xFFFF
0.600019458333333,SPI,MOSI: 0xFFFF
0.620015083333333,SPI,MOSI: 0xFFFF
0.640022750000000,SPI,MOSI: 0xFFFF
0.660018375000000,SPI,MOSI: 0xFFFF
0.680014000000000,SPI,MOSI: 0xFFFF
0.700021666666667,SPI,MOSI: 0xFFFF
0.720017333333333,SPI,MOSI: 0xFFFF
0.740012958333333,SPI,MOSI: 0xFFFF
0.760020625000000,SPI,MOSI: 0xFFFF
0.780016250000000,SPI,MOSI: 0xFFFF
0.800023916666667,SPI,MOSI: 0xFFFF
0.820019541666667,SPI,MOSI: 0xFFFF
0.840015166666667,SPI,MOSI: 0xFFFF
0.860022833333333,SPI,MOSI: 0xFFFF
0.880018500000000,SPI,MOSI: 0xFFFF
0.900014125000000,SPI,MOSI: 0xFFFF
0.920021791666667,SPI,MOSI: 0xFFFF
0.940017416666667,SPI,MOSI: 0xFFFF
0.960025083333333,SPI,MOSI: 0xFFFF
0.980020708333333,SPI,MOSI: 0xFFFF
1.000016333333333,SPI,MOSI: 0xFFFF
1.020024000000000,SPI,MOSI: 0xFFFF
1.040019625000000,SPI,MOSI: 0xFFFF
1.060015291666667,SPI,MOSI: 0xFFFF
1.080022958333333,SPI,MOSI: 0xFFFF
1.100018583333333,SPI,MOSI: 0xFFFF
1.120026250000000,SPI,MOSI: 0xFFFF
1.140021875000000,SPI,MOSI: 0xFFFF
1.160017500000000,SPI,MOSI: 0xFFFF
1.180025166666667,SPI,MOSI: 0xFFFF
1.200020791666667,SPI,MOSI: 0xFFFF
1.220016458333333,SPI,MOSI: 0xFFFF
1.240024125000000,SPI,MOSI: 0xFFFF
1.260019750000000,SPI,MOSI: 0xFFFF
1.280027416666667,SPI,MOSI: 0xFFFF
1.300023041666667,SPI,MOSI: 0xFFFF
1.320018666666667,SPI,MOSI: 0xFFFF
1.340026333333333,SPI,MOSI: 0xFFFF
1.360021958333333,SPI,MOSI: 0xFFFF
1.380017583333333,SPI,MOSI: 0xFFFF
1.400025250000000,SPI,MOSI: 0xFFFF
1.420020916666667,SPI,MOSI: 0xFFFF
1.440028583333333,SPI,MOSI: 0xFFFF
1.460024208333333,SPI,MOSI: 0xFFFF
1.480019833333333,SPI,MOSI: 0xFFFF
1.500027500000000,SPI,MOSI: 0xFFFF
1.520023125000000,SPI,MOSI: 0xFFFF
1.540018750000000,SPI,MOSI: 0xFFFF
1.560026416666667,SPI,MOSI: 0xFFFF
1.580022083333333,SPI,MOSI: 0xFFFF
1.600029708333333,SPI,MOSI: 0xFFFF
1.620025375000000,SPI,MOSI: 0xFFFF
1.640021000000000,SPI,MOSI: 0xFFFF
1.660028666666667,SPI,MOSI: 0xFFFF
1.680024291666667,SPI,MOSI: 0xFFFF
1.700019916666667,SPI,MOSI: 0xFFFF
1.720027583333333,SPI,MOSI: 0xFFFF
1.740023208333333,SPI,MOSI: 0xFFFF
1.760030875000000,SPI,MOSI: 0xFFFF
1.780026541666667,SPI,MOSI: 0xFFFF
1.800022166666667,SPI,MOSI: 0xFFFF
1.820029833333333,SPI,MOSI: 0xFFFF
1.840025458333333,SPI,MOSI: 0xFFFF
1.860021083333333,SPI,MOSI: 0xFFFF
1.880028750000000,SPI,MOSI: 0xFFFF
1.900024375000000,SPI,MOSI: 0xFFFF
1.920032041666667,SPI,MOSI: 0xFFFF
1.940027708333333,SPI,MOSI: 0xFFFF
1.960023333333333,SPI,MOSI: 0xFFFF
1.980031000000000,SPI,MOSI: 0xFFFF
2.000026625000000,SPI,MOSI: 0xFFFF
2.020022250000000,SPI,MOSI: 0xFFFF
2.040029916666667,SPI,MOSI: 0xFFFF
2.060025541666667,SPI,MOSI: 0xFFFF
2.080033208333333,SPI,MOSI: 0xFFFF
2.100028875000000,SPI,MOSI: 0xFFFF
2.120024500000000,SPI,MOSI: 0xFFFF
2.140032166666667,SPI,MOSI: 0xFFFF
2.160027791666667,SPI,MOSI: 0xFFFF
2.180023416666667,SPI,MOSI: 0xFFFF
2.200031083333333,SPI,MOSI: 0xFFFF
2.220026708333333,SPI,MOSI: 0xFFFF
2.240034375000000,SPI,MOSI: 0xFFFF
2.260030000000000,SPI,MOSI: 0xFFFF
2.280025666666667,SPI,MOSI: 0xFFFF
2.300033333333333,SPI,MOSI: 0xFFFF
2.320028958333333,SPI,MOSI: 0xFFFF
2.340024583333333,SPI,MOSI: 0xFFFF
2.360032250000000,SPI,MOSI: 0xFFFF
2.380027875000000,SPI,MOSI: 0xFFFF
2.400035541666667,SPI,MOSI: 0xFFFF
2.420031166666667,SPI,MOSI: 0xFFFF
2.440026833333333,SPI,MOSI: 0xFFFF
2.460034500000000,SPI,MOSI: 0xFFFF
2.480030125000000,SPI,MOSI: 0xFFFF
2.500025750000000,SPI,MOSI: 0xFFFF
2.520033416666667,SPI,MOSI: 0xFFFF
2.540029041666667,SPI,MOSI: 0xFFFF
2.560036708333334,SPI,MOSI: 0xFFFF
2.580032333333333,SPI,MOSI: 0xFFFF
2.600028000000000,SPI,MOSI: 0xFFFF
2.620035666666667,SPI,MOSI: 0xFFFF
2.640031291666667,SPI,MOSI: 0xFFFF
2.660026916666667,SPI,MOSI: 0xFFFF
2.680034583333333,SPI,MOSI: 0xFFFF
2.700030208333333,SPI,MOSI: 0xFFFF
2.720037875000000,SPI,MOSI: 0xFFFF
2.740033500000000,SPI,MOSI: 0xFFFF
2.760029125000000,SPI,MOSI: 0xFFFF
2.780036791666667,SPI,MOSI: 0xFFFF
2.800032458333333,SPI,MOSI: 0xFFFF
2.820028083333333,SPI,MOSI: 0xFFFF
2.840035750000000,SPI,MOSI: 0xFFFF
2.860031375000000,SPI,MOSI: 0xFFFF
2.880039041666667,SPI,MOSI: 0xFFFF
2.900034666666667,SPI,MOSI: 0xFFFF
2.920030291666666,SPI,MOSI: 0xFFFF
2.940037958333333,SPI,MOSI: 0xFFFF
2.960033583333333,SPI,MOSI: 0xFFFF
2.980029250000000,SPI,MOSI: 0xFFFF
3.000036916666667,SPI,MOSI: 0xFFFF
3.020032541666667,SPI,MOSI: 0xFFFF
3.040040208333334,SPI,MOSI: 0xFFFF
3.060035833333334,SPI,MOSI: 0xFFFF
3.080031458333333,SPI,MOSI: 0xFFFF
3.100039125000000,SPI,MOSI: 0xFFFF
3.120034750000000,SPI,MOSI: 0xFFFF
3.140030416666667,SPI,MOSI: 0xFFFF
3.160038083333333,SPI,MOSI: 0xFFFF
3.180033708333333,SPI,MOSI: 0xFFFF
3.200041375000000,SPI,MOSI: 0xFFFF
3.220037000000000,SPI,MOSI: 0xFFFF
3.240032625000000,SPI,MOSI: 0xFFFF
3.260040291666667,SPI,MOSI: 0xFFFF
3.280035916666667,SPI,MOSI: 0xFFFF
3.300031541666667,SPI,MOSI: 0xFFFF
3.320039208333333,SPI,MOSI: 0xFFFF
3.340034875000000,SPI,MOSI: 0xFFFF
3.360042541666667,SPI,MOSI: 0xFFFF
3.380038166666667,SPI,MOSI: 0xFFFF
3.400033791666667,SPI,MOSI: 0xFFFF
3.420041458333333,SPI,MOSI: 0xFFFF
3.440037083333333,SPI,MOSI: 0xFFFF
3.460032708333333,SPI,MOSI: 0xFFFF
3.480040375000000,SPI,MOSI: 0xFFFF
3.500036000000000,SPI,MOSI: 0xFFFF
3.520043666666667,SPI,MOSI: 0xFFFF
3.540039333333334,SPI,MOSI: 0xFFFF
3.560034958333333,SPI,MOSI: 0xFFFF
3.580042625000000,SPI,MOSI: 0xFFFF
3.600038250000000,SPI,MOSI: 0xFFFF
3.620033875000000,SPI,MOSI: 0xFFFF
3.640041541666667,SPI,MOSI: 0xFFFF
3.660037166666667,SPI,MOSI: 0xFFFF
3.680044833333334,SPI,MOSI: 0xFFFF
3.700040458333334,SPI,MOSI: 0xFFFF
3.720036125000000,SPI,MOSI: 0xFFFF
3.740043791666666,SPI,MOSI: 0xFFFF
3.760039416666667,SPI,MOSI: 0xFFFF
3.780035041666667,SPI,MOSI: 0xFFFF
3.800042708333333,SPI,MOSI: 0xFFFF
3.820038333333333,SPI,MOSI: 0xFFFF
3.840046000000000,SPI,MOSI: 0xFFFF
3.860041625000000,SPI,MOSI: 0xFFFF
3.880037291666667,SPI,MOSI: 0xFFFF
3.900044958333333,SPI,MOSI: 0xFFFF
3.920040583333333,SPI,MOSI: 0xFFFF
3.940036208333333,SPI,MOSI: 0xFFFF
3.960043875000000,SPI,MOSI: 0xFFFF
3.980039500000000,SPI,MOSI: 0xFFFF
4.000047166666667,SPI,MOSI: 0xFFFF
4.020042791666667,SPI,MOSI: 0xFFFF
4.040038416666667,SPI,MOSI: 0xFFFF
4.060046083333333,SPI,MOSI: 0xFFFF
4.080041750000000,SPI,MOSI: 0xFFFF
4.100037375000000,SPI,MOSI: 0xFFFF
4.120045041666667,SPI,MOSI: 0xFFFF
4.140040666666667,SPI,MOSI: 0xFFFF
4.160048333333333,SPI,MOSI: 0xFFFF
4.180043958333333,SPI,MOSI: 0xFFFF
4.200039583333333,SPI,MOSI: 0xFFFF
4.220047250000000,SPI,MOSI: 0xFFFF
4.240042875000000,SPI,MOSI: 0xFFFF
4.260038541666667,SPI,MOSI: 0xFFFF
4.280046208333333,SPI,MOSI: 0xFFFF
4.300041833333333,SPI,MOSI: 0xFFFF
4.320049500000000,SPI,MOSI: 0xFFFF
4.340045125000000,SPI,MOSI: 0xEFFF
4.360040750000000,SPI,MOSI: 0xEFFF
4.380048416666667,SPI,MOSI: 0xEFFF
4.400044041666667,SPI,MOSI: 0xEFFF
4.420039666666667,SPI,MOSI: 0xEFFF
4.440047333333333,SPI,MOSI: 0xEFFF
4.460043000000000,SPI,MOSI: 0xEFFF
4.480050666666667,SPI,MOSI: 0xEFFF
4.500046291666667,SPI,MOSI: 0xEFFF
4.520041916666667,SPI,MOSI: 0xFFFF
4.540049583333333,SPI,MOSI: 0xFFFF
4.560045208333333,SPI,MOSI: 0xFFFF
4.580040833333333,SPI,MOSI: 0xFFFF
4.600048500000000,SPI,MOSI: 0xFFFF
4.620044125000000,SPI,MOSI: 0xFFFF
4.640051791666667,SPI,MOSI: 0xFFFF
4.660047458333334,SPI,MOSI: 0xFFFF
4.680043083333334,SPI,MOSI: 0xFFFF
4.700050750000000,SPI,MOSI: 0xFFFF
4.720046375000000,SPI,MOSI: 0xFFFF
4.740042000000000,SPI,MOSI: 0xFFFF
4.760049666666666,SPI,MOSI: 0xFFFF
4.780045291666666,SPI,MOSI: 0xFFFF
4.800052958333334,SPI,MOSI: 0xFFFF
4.820048625000000,SPI,MOSI: 0xFFFF
4.840044250000000,SPI,MOSI: 0xFFFF
4.860051916666666,SPI,MOSI: 0xFFFF
4.880047541666666,SPI,MOSI: 0xFFFF
4.900043166666666,SPI,MOSI: 0xFFFF
4.920050833333334,SPI,MOSI: 0xFFFF
4.940046458333334,SPI,MOSI: 0xFFFF
4.960054125000000,SPI,MOSI: 0xFFFF
4.980049750000000,SPI,MOSI: 0xFFFF
5.000045416666667,SPI,MOSI: 0xFFFF
5.020053083333333,SPI,MOSI: 0xFFFF
5.040048708333333,SPI,MOSI: 0xFFFF
5.060044333333333,SPI,MOSI: 0xFFFF
5.080052000000000,SPI,MOSI: 0xFFFF
5.100047625000000,SPI,MOSI: 0xFFFF
5.120055291666667,SPI,MOSI: 0xFFFF
5.140050916666667,SPI,MOSI: 0xFFFF
5.160046541666667,SPI,MOSI: 0xFFFF
5.180054208333333,SPI,MOSI: 0xFFFF
5.200049875000000,SPI,MOSI: 0xFFFF
5.220045500000000,SPI,MOSI: 0xFFFF
5.240053166666667,SPI,MOSI: 0xFFFF
5.260048791666667,SPI,MOSI: 0xFFFF
5.280056458333333,SPI,MOSI: 0xFFFF
5.300052083333333,SPI,MOSI: 0xFFFF
5.320047708333333,SPI,MOSI: 0xFFFF
5.340055375000000,SPI,MOSI: 0xFFFF
5.360051000000000,SPI,MOSI: 0xFFFF
5.380046666666667,SPI,MOSI: 0xFFFF
5.400054333333333,SPI,MOSI: 0xFFFF
5.420049958333333,SPI,MOSI: 0xFFFF
5.440057625000000,SPI,MOSI: 0xFFFF
5.460053250000000,SPI,MOSI: 0xFFFF
5.480048875000000,SPI,MOSI: 0xFFFF
5.500056541666667,SPI,MOSI: 0xFFFF
5.520052166666667,SPI,MOSI: 0xFFFF
5.540047833333333,SPI,MOSI: 0xFFFF
5.560055458333333,SPI,MOSI: 0xFFFF
5.580051125000000,SPI,MOSI: 0xFFFF
5.600058791666667,SPI,MOSI: 0xFFFF
5.620054416666667,SPI,MOSI: 0xFFFF
5.640050041666667,SPI,MOSI: 0xFFFF
5.660057708333333,SPI,MOSI: 0xFFFF
5.680053333333333,SPI,MOSI: 0xFFFF
5.700048958333333,SPI,MOSI: 0xFFFF
5.720056625000000,SPI,MOSI: 0xFFFF
5.740052250000000,SPI,MOSI: 0xFFFF
5.760059916666667,SPI,MOSI: 0xFF7F
5.780055583333334,SPI,MOSI: 0xFF7F
5.800051208333334,SPI,MOSI: 0xFF7F
5.820058875000000,SPI,MOSI: 0xFF7F
5.840054500000000,SPI,MOSI: 0xFF7F
5.860050125000000,SPI,MOSI: 0xFF7F
5.880057791666666,SPI,MOSI: 0xFF7F
5.900053416666666,SPI,MOSI: 0xFF7F
5.920061083333334,SPI,MOSI: 0xFF7F
5.940056708333334,SPI,MOSI: 0xFFFF
5.960052375000000,SPI,MOSI: 0xFFFF
5.980060041666666,SPI,MOSI: 0xFFFF
6.000055666666666,SPI,MOSI: 0xFFFF
6.020051291666666,SPI,MOSI: 0xFFFF
6.040058958333334,SPI,MOSI: 0xFFFF
6.060054583333334,SPI,MOSI: 0xFFFF
6.080062250000000,SPI,MOSI: 0xFFFF
6.100057875000000,SPI,MOSI: 0xFFFF
6.120053541666667,SPI,MOSI: 0xFFFF
6.140061166666666,SPI,MOSI: 0xFFFF
6.160056833333333,SPI,MOSI: 0xFFFF
6.180052458333333,SPI,MOSI: 0xFFFF
6.200060125000000,SPI,MOSI: 0xFFFF
6.220055750000000,SPI,MOSI: 0xFFFF
6.240063416666667,SPI,MOSI: 0xFFFF
6.260059041666667,SPI,MOSI: 0xFFFF
6.280054666666667,SPI,MOSI: 0xFFFF
6.300062333333333,SPI,MOSI: 0xFFFF
6.320058000000000,SPI,MOSI: 0xFFFF
6.340053625000000,SPI,MOSI: 0xFFFF
6.360061291666667,SPI,MOSI: 0xFFFF
6.380056916666667,SPI,MOSI: 0xFFFF
6.400064583333333,SPI,MOSI: 0xFFFF
6.420060208333333,SPI,MOSI: 0xFFFF
6.440055833333333,SPI,MOSI: 0xFFFF
6.460063500000000,SPI,MOSI: 0xFFFF
6.480059125000000,SPI,MOSI: 0xFFFF
6.500054791666667,SPI,MOSI: 0xFFFF
6.520062458333333,SPI,MOSI: 0xFFFF
6.540058083333333,SPI,MOSI: 0xFFFF
6.560065750000000,SPI,MOSI: 0xFFFF
6.580061375000000,SPI,MOSI: 0xFFFF
6.600057000000000,SPI,MOSI: 0xFFFF
6.620064666666667,SPI,MOSI: 0xFFFF
6.640060291666667,SPI,MOSI: 0xFFFF
6.660055916666667,SPI,MOSI: 0xFFFF
6.680063583333333,SPI,MOSI: 0xFFFF
6.700059250000000,SPI,MOSI: 0xFFFF
6.720066916666666,SPI,MOSI: 0xFFFF
6.740062541666667,SPI,MOSI: 0xFFFF
6.760058166666667,SPI,MOSI: 0xFFFF
6.780065833333333,SPI,MOSI: 0xFFFF
6.800061458333333,SPI,MOSI: 0xFFFF
6.820057083333333,SPI,MOSI: 0xFFFF
6.840064750000000,SPI,MOSI: 0xFFFF
6.860060416666666,SPI,MOSI: 0xFFFF
6.880068041666667,SPI,MOSI: 0xFFFF
6.900063708333334,SPI,MOSI: 0xFFFF
6.920059333333334,SPI,MOSI: 0xFFFF
6.940067000000000,SPI,MOSI: 0xFFFF
6.960062625000000,SPI,MOSI: 0xFFFF
6.980058250000000,SPI,MOSI: 0xFFFF
7.000065916666666,SPI,MOSI: 0xFFFF
7.020061541666666,SPI,MOSI: 0xFFFF
7.040069208333334,SPI,MOSI: 0xFFFF
7.060064833333334,SPI,MOSI: 0xFFFF
7.080060500000000,SPI,MOSI: 0xFFFF
7.100068166666667,SPI,MOSI: 0xFFFF
7.120063791666666,SPI,MOSI: 0xFFFF
7.140059416666666,SPI,MOSI: 0xFFFF
7.160067083333334,SPI,MOSI: 0xFFFF
7.180062708333334,SPI,MOSI: 0xFFFF
7.200070375000000,SPI,MOSI: 0xFFFF
7.220066000000000,SPI,MOSI: 0xFFFF
7.240061666666667,SPI,MOSI: 0xFFFF
7.260069291666666,SPI,MOSI: 0xFFFF
7.280064958333333,SPI,MOSI: 0xFFFF
7.300060583333333,SPI,MOSI: 0xFFFF
7.320068250000000,SPI,MOSI: 0xFFFF
7.340063875000000,SPI,MOSI: 0xFFFF
7.360071541666667,SPI,MOSI: 0xFFFF
7.380067166666667,SPI,MOSI: 0xFBFF
7.400062791666667,SPI,MOSI: 0xFBFF
7.420070458333333,SPI,MOSI: 0xFBFF
7.440066125000000,SPI,MOSI: 0xFBFF
7.460061750000000,SPI,MOSI: 0xFBFF
7.480069416666667,SPI,MOSI: 0xFBFF
7.500065041666667,SPI,MOSI: 0xFBFF
7.520072708333333,SPI,MOSI: 0xFBFF
7.540068333333333,SPI,MOSI: 0xFBFF
7.560063958333333,SPI,MOSI: 0xFBFF
7.580071625000000,SPI,MOSI: 0xFBFF
7.600067250000000,SPI,MOSI: 0xFBFF
7.620062916666667,SPI,MOSI: 0xFBFF
7.640070541666667,SPI,MOSI: 0xFBFF
7.660066208333333,SPI,MOSI: 0xFBFF
7.680073875000000,SPI,MOSI: 0xFBFF
7.700069500000000,SPI,MOSI: 0xFBFF
7.720065125000000,SPI,MOSI: 0xFBFF
7.740072791666667,SPI,MOSI: 0xFBFF
7.760068416666667,SPI,MOSI: 0xFBFF
7.780064041666667,SPI,MOSI: 0xFBFF
7.800071708333333,SPI,MOSI: 0xFBFF
7.820067333333333,SPI,MOSI: 0xFBFF
7.840075000000000,SPI,MOSI: 0xFBFF
7.860070666666667,SPI,MOSI: 0xFBFF
7.880066291666667,SPI,MOSI: 0xFBFF
7.900073958333333,SPI,MOSI: 0xFBFF
7.920069583333333,SPI,MOSI: 0xFBFF
7.940065208333333,SPI,MOSI: 0xFBFF
7.960072875000000,SPI,MOSI: 0xFBFF
7.980068500000000,SPI,MOSI: 0xFBFF
8.000076166666666,SPI,MOSI: 0xFBFF
8.020071791666666,SPI,MOSI: 0xFBFF
8.040067416666666,SPI,MOSI: 0xFBFF
8.060075083333333,SPI,MOSI: 0xFBFF
8.080070750000001,SPI,MOSI: 0xFBFF
8.100066375000001,SPI,MOSI: 0xFBFF
8.120074041666667,SPI,MOSI: 0xFBFF
8.140069666666667,SPI,MOSI: 0xFBFF
8.160077333333334,SPI,MOSI: 0xFBFF
8.180072958333334,SPI,MOSI: 0xFBFF
8.200068583333334,SPI,MOSI: 0xFBFF
8.220076250000000,SPI,MOSI: 0xFBFF
8.240071875000000,SPI,MOSI: 0xFBFF
8.260067541666666,SPI,MOSI: 0xFBFF
8.280075166666666,SPI,MOSI: 0xFBFF
8.300070833333333,SPI,MOSI: 0xFBFF
8.320078499999999,SPI,MOSI: 0xFBFF
8.340074124999999,SPI,MOSI: 0xFBFF
8.360069749999999,SPI,MOSI: 0xFBFF
8.380077416666667,SPI,MOSI: 0xFBFF
8.400073041666667,SPI,MOSI: 0xFBFF
8.420068666666667,SPI,MOSI: 0xFBFF
8.440076333333334,SPI,MOSI: 0xFBFF
8.460071958333334,SPI,MOSI: 0xFBFF
8.480079625000000,SPI,MOSI: 0xFBFF
8.500075291666667,SPI,MOSI: 0xFBFF
8.520070916666667,SPI,MOSI: 0xFBFF
8.540078583333333,SPI,MOSI: 0xFBFF
8.560074208333333,SPI,MOSI: 0xFBFF
8.580069833333333,SPI,MOSI: 0xFBFF
8.600077499999999,SPI,MOSI: 0xFBFF
8.620073124999999,SPI,MOSI: 0xFBFF
8.640080791666668,SPI,MOSI: 0xFBFF
8.660076416666667,SPI,MOSI: 0xFBFF
8.680072041666667,SPI,MOSI: 0xFBFF
8.700079708333334,SPI,MOSI: 0xFBFF
8.720075375000000,SPI,MOSI: 0xFBFF
8.740071000000000,SPI,MOSI: 0xFBFF
8.760078666666667,SPI,MOSI: 0xFBFF
8.780074291666667,SPI,MOSI: 0xFBFF
8.800081958333333,SPI,MOSI: 0xFBFF
8.820077583333333,SPI,MOSI: 0xFBFF
8.840073208333333,SPI,MOSI: 0xFBFF
8.860080875000000,SPI,MOSI: 0xFBFF
8.880076499999999,SPI,MOSI: 0xFBFF
8.900072166666666,SPI,MOSI: 0xFBFF
8.920079791666666,SPI,MOSI: 0xFBFF
8.940075458333334,SPI,MOSI: 0xFBFF
8.960083125000001,SPI,MOSI: 0xFBFF
8.980078750000001,SPI,MOSI: 0xFBFF
9.000074375000001,SPI,MOSI: 0xFBFF
9.020082041666667,SPI,MOSI: 0xFBFF
9.040077666666667,SPI,MOSI: 0xFBFF
9.060073291666667,SPI,MOSI: 0xFBFF
9.080080958333333,SPI,MOSI: 0xFBFF
9.100076583333333,SPI,MOSI: 0xFBFF
9.120084250000000,SPI,MOSI: 0xFBFF
9.140079875000000,SPI,MOSI: 0xFBFF
9.160075541666666,SPI,MOSI: 0xFBFF
9.180083208333333,SPI,MOSI: 0xFBFF
9.200078833333333,SPI,MOSI: 0xFBFF
9.220074458333333,SPI,MOSI: 0xFBFF
9.240082125000001,SPI,MOSI: 0xFBFF
9.260077750000001,SPI,MOSI: 0xFBFF
9.280085416666667,SPI,MOSI: 0xFBFF
9.300081041666667,SPI,MOSI: 0xFBFF
9.320076666666667,SPI,MOSI: 0xFBFF
9.340084333333333,SPI,MOSI: 0xFBFF
9.360080000000000,SPI,MOSI: 0xFBFF
9.380075625000000,SPI,MOSI: 0xFBFF
9.400083291666666,SPI,MOSI: 0xFBFF
9.420078916666666,SPI,MOSI: 0xFBFF
9.440086583333333,SPI,MOSI: 0xFBFF
9.460082208333333,SPI,MOSI: 0xFBFF
9.480077833333333,SPI,MOSI: 0xFBFF
9.500085500000001,SPI,MOSI: 0xFBFF
9.520081125000001,SPI,MOSI: 0xFBFF
9.540076750000001,SPI,MOSI: 0xFBFF
9.560084416666667,SPI,MOSI: 0xFBFF
9.580080083333334,SPI,MOSI: 0xFBFF
9.600087708333334,SPI,MOSI: 0xFBFF
9.620083375000000,SPI,MOSI: 0xFBFF
9.640079000000000,SPI,MOSI: 0xFBFF
9.660086666666666,SPI,MOSI: 0xFBFF
9.680082291666666,SPI,MOSI: 0xFBFF
9.700077916666666,SPI,MOSI: 0xFBFF
9.720085583333333,SPI,MOSI: 0xFBFF
9.740081208333333,SPI,MOSI: 0xFBFF
9.760088874999999,SPI,MOSI: 0xFBFF
9.780084499999999,SPI,MOSI: 0xFBFF
9.800080166666667,SPI,MOSI: 0xFBFF
9.820087833333334,SPI,MOSI: 0xFBFF
9.840083458333334,SPI,MOSI: 0xFBFF
9.860079083333334,SPI,MOSI: 0xFBFF
9.880086750000000,SPI,MOSI: 0xFBFF
9.900082375000000,SPI,MOSI: 0xFBFF
9.920090041666667,SPI,MOSI: 0xFBFF
9.940085666666667,SPI,MOSI: 0xFBFF
9.960081291666667,SPI,MOSI: 0xFBFF
9.980088958333333,SPI,MOSI: 0xFBFF
10.000084583333333,SPI,MOSI: 0xFBFF
10.020080249999999,SPI,MOSI: 0xFBFF
10.040087916666666,SPI,MOSI: 0xFBFF
10.060083541666666,SPI,MOSI: 0xFBFF
10.080091208333334,SPI,MOSI: 0xFBFF
10.100086833333334,SPI,MOSI: 0xFBFF
10.120082458333334,SPI,MOSI: 0xFBFF
10.140090125000000,SPI,MOSI: 0xFBFF
10.160085750000000,SPI,MOSI: 0xFBFF
10.180081375000000,SPI,MOSI: 0xFBFF
10.200089041666667,SPI,MOSI: 0xFBFF
10.220084666666667,SPI,MOSI: 0xFBFF
10.240092333333333,SPI,MOSI: 0xFBFF
10.260088000000000,SPI,MOSI: 0xFBFF
10.280083625000000,SPI,MOSI: 0xFBFF
10.300091291666666,SPI,MOSI: 0xFBFF
10.320086916666666,SPI,MOSI: 0xFBFF
10.340082541666666,SPI,MOSI: 0xFBFF
10.360090208333334,SPI,MOSI: 0xFBFF
10.380085833333334,SPI,MOSI: 0xFBFF
10.400093500000001,SPI,MOSI: 0xFBFF
10.420089125000001,SPI,MOSI: 0xFBFF
10.440084750000000,SPI,MOSI: 0xFBFF
10.460092416666667,SPI,MOSI: 0xFBFF
10.480088083333333,SPI,MOSI: 0xFBFF
10.500083708333333,SPI,MOSI: 0xFBFF
10.520091375000000,SPI,MOSI: 0xFBFF
10.540087000000000,SPI,MOSI: 0xFBFF
10.560094666666666,SPI,MOSI: 0xFBFF
10.580090291666666,SPI,MOSI: 0xFBFF
10.600085916666666,SPI,MOSI: 0xFBFF
10.620093583333333,SPI,MOSI: 0xFBFF
10.640089208333332,SPI,MOSI: 0xFBFF
10.660084833333332,SPI,MOSI: 0xFBFF
10.680092500000001,SPI,MOSI: 0xFBFF
10.700088166666667,SPI,MOSI: 0xFBFF
10.720095833333334,SPI,MOSI: 0xFBFF
10.740091458333334,SPI,MOSI: 0xFBFF
10.760087083333334,SPI,MOSI: 0xFBFF
10.780094750000000,SPI,MOSI: 0xFBFF
10.800090375000000,SPI,MOSI: 0xFBFF
10.820086000000000,SPI,MOSI: 0xFBFF
10.840093666666666,SPI,MOSI: 0xFBFF
10.860089291666666,SPI,MOSI: 0xFBFF
10.880096958333333,SPI,MOSI: 0xFBFF
10.900092583333333,SPI,MOSI: 0xFBFF
10.920088249999999,SPI,MOSI: 0xFBFF
10.940095916666667,SPI,MOSI: 0xFBFF
10.960091541666667,SPI,MOSI: 0xFBFF
10.980087166666667,SPI,MOSI: 0xFBFF
11.000094833333334,SPI,MOSI: 0xFBFF
11.020090458333334,SPI,MOSI: 0xFBFF
11.040098125000000,SPI,MOSI: 0xFBFF
11.060093750000000,SPI,MOSI: 0xFBFF
11.080089375000000,SPI,MOSI: 0xFBFF
11.100097041666666,SPI,MOSI: 0xF9FF
11.120092666666666,SPI,MOSI: 0xF9FF
11.140088333333333,SPI,MOSI: 0xF9FF
11.160095999999999,SPI,MOSI: 0xF9FF
11.180091624999999,SPI,MOSI: 0xF9FF
11.200099291666668,SPI,MOSI: 0xF9FF
11.220094916666667,SPI,MOSI: 0xF9FF
11.240090541666667,SPI,MOSI: 0xF9FF
11.260098208333334,SPI,MOSI: 0xFBFF
11.280093833333334,SPI,MOSI: 0xFBFF
11.300089458333334,SPI,MOSI: 0xFBFF
11.320097125000000,SPI,MOSI: 0xFBFF
11.340092750000000,SPI,MOSI: 0xFBFF
11.360100416666667,SPI,MOSI: 0xFBFF
11.380096083333333,SPI,MOSI: 0xFBFF
11.400091708333333,SPI,MOSI: 0xFBFF
11.420099374999999,SPI,MOSI: 0xFBFF
11.440094999999999,SPI,MOSI: 0xFBFF
11.460090624999999,SPI,MOSI: 0xFBFF
11.480098291666666,SPI,MOSI: 0xFBFF
11.500093916666666,SPI,MOSI: 0xFBFF
11.520101583333334,SPI,MOSI: 0xFBFF
11.540097208333334,SPI,MOSI: 0xFBFF
11.560092833333334,SPI,MOSI: 0xFBFF
11.580100500000000,SPI,MOSI: 0xFBFF
11.600096166666667,SPI,MOSI: 0xFBFF
11.620091791666667,SPI,MOSI: 0xFBFF
11.640099458333333,SPI,MOSI: 0xFBFF
11.660095083333333,SPI,MOSI: 0xFBFF
11.680102750000000,SPI,MOSI: 0xFBFF
11.700098375000000,SPI,MOSI: 0xFBFF
11.720094000000000,SPI,MOSI: 0xFBFF
11.740101666666666,SPI,MOSI: 0xFBFF
11.760097291666666,SPI,MOSI: 0xFBFF
11.780092916666666,SPI,MOSI: 0xFBFF
11.800100583333334,SPI,MOSI: 0xFBFF
11.820096250000001,SPI,MOSI: 0xFBFF
11.840103875000000,SPI,MOSI: 0xFBFF
11.860099541666667,SPI,MOSI: 0xFBFF
11.880095166666667,SPI,MOSI: 0xFBFF
11.900102833333333,SPI,MOSI: 0xFBFF
11.920098458333333,SPI,MOSI: 0xFBFF
11.940094083333333,SPI,MOSI: 0xFBFF
11.960101750000000,SPI,MOSI: 0xFBFF
11.980097375000000,SPI,MOSI: 0xFBFF
12.000105041666666,SPI,MOSI: 0xFBFF
12.020100666666666,SPI,MOSI: 0xFBFF
12.040096333333333,SPI,MOSI: 0xFBFF
12.060103958333332,SPI,MOSI: 0xFBFF
12.080099625000001,SPI,MOSI: 0xFBFF
12.100095250000001,SPI,MOSI: 0xFBFF
12.120102916666667,SPI,MOSI: 0xFBFF
12.140098541666667,SPI,MOSI: 0xFBFF
12.160106208333334,SPI,MOSI: 0xFBFF
12.180101833333334,SPI,MOSI: 0xFBFF
12.200097458333333,SPI,MOSI: 0xFBFF
12.220105125000000,SPI,MOSI: 0xFBFF
12.240100750000000,SPI,MOSI: 0xFBFF
12.260096416666666,SPI,MOSI: 0xFBFF
12.280104041666666,SPI,MOSI: 0xFBFF
12.300099708333333,SPI,MOSI: 0xFBFF
12.320107374999999,SPI,MOSI: 0xFBFF
12.340102999999999,SPI,MOSI: 0xF9FF
12.360098624999999,SPI,MOSI: 0xF9FF
12.380106291666667,SPI,MOSI: 0xF9FF
12.400101916666667,SPI,MOSI: 0xF9FF
12.420097541666667,SPI,MOSI: 0xF9FF
12.440105208333334,SPI,MOSI: 0xF9FF
12.460100833333334,SPI,MOSI: 0xF9FF
12.480108500000000,SPI,MOSI: 0xF9FF
12.500104125000000,SPI,MOSI: 0xF9FF
12.520099791666667,SPI,MOSI: 0xF9FF
12.540107458333333,SPI,MOSI: 0xF9FF
12.560103083333333,SPI,MOSI: 0xF9FF
12.580098708333333,SPI,MOSI: 0xF9FF
12.600106374999999,SPI,MOSI: 0xF9FF
12.620101999999999,SPI,MOSI: 0xF9FF
12.640109666666667,SPI,MOSI: 0xF9FF
12.660105291666667,SPI,MOSI: 0xF9FF
12.680100916666667,SPI,MOSI: 0xF9FF
12.700108583333334,SPI,MOSI: 0xF9FF
12.720104208333334,SPI,MOSI: 0xF9FF
12.740099875000000,SPI,MOSI: 0xFDFF
12.760107541666667,SPI,MOSI: 0xFDFF
12.780103166666667,SPI,MOSI: 0xFDFF
12.800110833333333,SPI,MOSI: 0xFDFF
12.820106458333333,SPI,MOSI: 0xFDFF
12.840102083333333,SPI,MOSI: 0xFDFF
12.860109749999999,SPI,MOSI: 0xFDFF
12.880105374999999,SPI,MOSI: 0xFDFF
12.900100999999999,SPI,MOSI: 0xFDFF
12.920108666666666,SPI,MOSI: 0xFDFF
12.940104291666668,SPI,MOSI: 0xFDFF
12.960111958333334,SPI,MOSI: 0xFDFF
12.980107625000000,SPI,MOSI: 0xFDFF
13.000103250000000,SPI,MOSI: 0xFDFF
13.020110916666667,SPI,MOSI: 0xFDFF
13.040106541666667,SPI,MOSI: 0xFDFF
13.060102166666667,SPI,MOSI: 0xFDFF
13.080109833333333,SPI,MOSI: 0xFDFF
13.100105458333333,SPI,MOSI: 0xFDFF
13.120113125000000,SPI,MOSI: 0xFDFF
13.140108750000000,SPI,MOSI: 0xFDFF
13.160104375000000,SPI,MOSI: 0xFDFF
13.180112041666666,SPI,MOSI: 0xFDFF
13.200107708333332,SPI,MOSI: 0xFDFF
13.220103333333334,SPI,MOSI: 0xFDFF
13.240111000000001,SPI,MOSI: 0xFDFF
13.260106625000001,SPI,MOSI: 0xFDFF
13.280114291666667,SPI,MOSI: 0xFDFF
13.300109916666667,SPI,MOSI: 0xFDFF
13.320105541666667,SPI,MOSI: 0xFDFF
13.340113208333333,SPI,MOSI: 0xFDFF
13.360108833333333,SPI,MOSI: 0xFDFF
13.380104458333333,SPI,MOSI: 0xF9FF
13.400112125000000,SPI,MOSI: 0xF9FF
13.420107791666666,SPI,MOSI: 0xF9FF
13.440115416666666,SPI,MOSI: 0xF9FF
13.460111083333333,SPI,MOSI: 0xF9FF
13.480106708333333,SPI,MOSI: 0xF9FF
13.500114375000001,SPI,MOSI: 0xFDFF
13.520110000000001,SPI,MOSI: 0xFDFF
13.540105625000001,SPI,MOSI: 0xFDFF
13.560113291666667,SPI,MOSI: 0xFDFF
13.580108916666667,SPI,MOSI: 0xFDFF
13.600116583333334,SPI,MOSI: 0xFDFF
13.620112208333333,SPI,MOSI: 0xFDFF
13.640107833333333,SPI,MOSI: 0xFDFF
13.660115500000000,SPI,MOSI: 0xFDFF
13.680111166666666,SPI,MOSI: 0xFDFF
13.700106791666666,SPI,MOSI: 0xFDFF
13.720114458333333,SPI,MOSI: 0xFDFF
13.740110083333333,SPI,MOSI: 0xFDFF
13.760117749999999,SPI,MOSI: 0xFDFF
13.780113375000001,SPI,MOSI: 0xFDFF
13.800109000000001,SPI,MOSI: 0xFDFF
13.820116666666667,SPI,MOSI: 0xFDFF
13.840112291666667,SPI,MOSI: 0xFDFF
13.860107916666667,SPI,MOSI: 0x7DFF
13.880115583333334,SPI,MOSI: 0x7DFF
13.900111250000000,SPI,MOSI: 0x7DFF
13.920118916666667,SPI,MOSI: 0x7FFF
13.940114541666667,SPI,MOSI: 0x7FFF
13.960110166666666,SPI,MOSI: 0x7FFF
13.980117833333333,SPI,MOSI: 0x7FFF
14.000113458333333,SPI,MOSI: 0x7FFF
14.020109083333333,SPI,MOSI: 0x7FFF
14.040116749999999,SPI,MOSI: 0x7FFF
14.060112374999999,SPI,MOSI: 0x7FFF
14.080120041666667,SPI,MOSI: 0x7FFF
14.100115666666667,SPI,MOSI: 0x7FFF
14.120111333333334,SPI,MOSI: 0x7FFF
14.140119000000000,SPI,MOSI: 0x7FFF
14.160114625000000,SPI,MOSI: 0xFFFF
14.180110250000000,SPI,MOSI: 0xFFFF
14.200117916666667,SPI,MOSI: 0xFFFF
14.220113541666667,SPI,MOSI: 0xFFFF
14.240121208333333,SPI,MOSI: 0xFFFF
14.260116833333333,SPI,MOSI: 0xFFFF
14.280112458333333,SPI,MOSI: 0xFFFF
14.300120124999999,SPI,MOSI: 0xFFFF
14.320115749999999,SPI,MOSI: 0xFFFF
14.340111416666666,SPI,MOSI: 0xFFFF
14.360119041666668,SPI,MOSI: 0xFFFF
14.380114708333334,SPI,MOSI: 0xFFFF
14.400122375000000,SPI,MOSI: 0xFFFF
14.420118000000000,SPI,MOSI: 0xFFFF
14.440113625000000,SPI,MOSI: 0xFFFF
14.460121291666667,SPI,MOSI: 0xFFFF
14.480116916666667,SPI,MOSI: 0xFFFF
14.500112541666667,SPI,MOSI: 0xFFFF
14.520120208333333,SPI,MOSI: 0xFFFF
14.540115833333333,SPI,MOSI: 0xFFFF
14.560123500000000,SPI,MOSI: 0xFFFF
14.580119125000000,SPI,MOSI: 0xFFFF
14.600114791666666,SPI,MOSI: 0xFFFF
14.620122458333332,SPI,MOSI: 0xFFFF
14.640118083333334,SPI,MOSI: 0xFFFF
14.660113708333334,SPI,MOSI: 0xFFFF
14.680121375000001,SPI,MOSI: 0xFFFF
14.700117000000001,SPI,MOSI: 0xFFFF
14.720124666666667,SPI,MOSI: 0xFFFF
14.740120291666667,SPI,MOSI: 0xFFFF
14.760115916666667,SPI,MOSI: 0xFFFF
14.780123583333333,SPI,MOSI: 0xFFFF
14.800119208333333,SPI,MOSI: 0xFFFF
14.820114875000000,SPI,MOSI: 0xFFFF
14.840122541666666,SPI,MOSI: 0xFFFF
14.860118166666666,SPI,MOSI: 0xFFFF
14.880125833333333,SPI,MOSI: 0xFFFF
14.900121458333333,SPI,MOSI: 0xFFFF
14.920117083333333,SPI,MOSI: 0xFFFF
14.940124750000001,SPI,MOSI: 0xFFFF
14.960120375000001,SPI,MOSI: 0xFFFF
14.980116000000001,SPI,MOSI: 0xFDFF
15.000123666666667,SPI,MOSI: 0xFDFF
15.020119291666667,SPI,MOSI: 0xFDFF
15.040126958333333,SPI,MOSI: 0xFDFF
15.060122625000000,SPI,MOSI: 0xFDFF
15.080118250000000,SPI,MOSI: 0xFDFF
15.100125916666666,SPI,MOSI: 0xFDFF
15.120121541666666,SPI,MOSI: 0xFDFF
15.140117166666666,SPI,MOSI: 0xFDFF
15.160124833333333,SPI,MOSI: 0x7DFF
15.180120458333333,SPI,MOSI: 0x7FFF
15.200128125000001,SPI,MOSI: 0x7FFF
15.220123750000001,SPI,MOSI: 0x7FFF
15.240119375000001,SPI,MOSI: 0x7FFF
15.260127041666667,SPI,MOSI: 0x7FFF
15.280122708333334,SPI,MOSI: 0x7FFF
15.300118333333334,SPI,MOSI: 0x7FFF
15.320126000000000,SPI,MOSI: 0x7FFF
15.340121625000000,SPI,MOSI: 0x7FFF
15.360129291666667,SPI,MOSI: 0x7FFF
15.380124916666666,SPI,MOSI: 0x7FFF
15.400120541666666,SPI,MOSI: 0x7FFF
15.420128208333333,SPI,MOSI: 0x7FFF
15.440123833333333,SPI,MOSI: 0x7FFF
15.460119458333333,SPI,MOSI: 0x7FFF
15.480127124999999,SPI,MOSI: 0x7FFF
15.500122791666668,SPI,MOSI: 0xFFFF
15.520130416666667,SPI,MOSI: 0xFFFF
15.540126083333334,SPI,MOSI: 0xFFFF
15.560121708333334,SPI,MOSI: 0xFFFF
15.580129375000000,SPI,MOSI: 0xFFFF
15.600125000000000,SPI,MOSI: 0xFFFF
15.620120625000000,SPI,MOSI: 0xFFFF
15.640128291666667,SPI,MOSI: 0xFFFF
15.660123916666667,SPI,MOSI: 0xFFFF
15.680131583333333,SPI,MOSI: 0xFFFF
15.700127208333333,SPI,MOSI: 0xFFFF
15.720122833333333,SPI,MOSI: 0xFFFF
15.740130499999999,SPI,MOSI: 0xFFFF
15.760126166666666,SPI,MOSI: 0xFFFF
15.780121791666666,SPI,MOSI: 0xFFFF
15.800129458333334,SPI,MOSI: 0xFFFF
15.820125083333334,SPI,MOSI: 0xFFFF
15.840132750000000,SPI,MOSI: 0xFFFF
15.860128375000000,SPI,MOSI: 0xFFFF
15.880124000000000,SPI,MOSI: 0xFFFF
15.900131666666667,SPI,MOSI: 0xFFFF
15.920127291666667,SPI,MOSI: 0xFFFF
15.940122916666667,SPI,MOSI: 0xFFFF
15.960130583333333,SPI,MOSI: 0xFFFF
15.980126250000000,SPI,MOSI: 0xFFFF
16.000133875000000,SPI,MOSI: 0xFFFF
16.020129541666666,SPI,MOSI: 0xFFFF
16.040125166666666,SPI,MOSI: 0xFFFF
16.060132833333334,SPI,MOSI: 0xFFFF
16.080128458333334,SPI,MOSI: 0xFFFF
16.100124083333334,SPI,MOSI: 0xFFFF
16.120131749999999,SPI,MOSI: 0xFFFF
16.140127374999999,SPI,MOSI: 0xFFFF
16.160135041666667,SPI,MOSI: 0xFFFF
16.180130666666667,SPI,MOSI: 0xFFFF
16.200126333333333,SPI,MOSI: 0xFFFF
16.220133958333335,SPI,MOSI: 0xFFFF
16.240129625000002,SPI,MOSI: 0xFFFF
16.260125250000002,SPI,MOSI: 0xFFFF
16.280132916666666,SPI,MOSI: 0xFFFF
16.300128541666666,SPI,MOSI: 0xFFFF
16.320136208333334,SPI,MOSI: 0xFFFF
16.340131833333334,SPI,MOSI: 0xFFFF
16.360127458333334,SPI,MOSI: 0xFFFF
16.380135124999999,SPI,MOSI: 0xFFFF
16.400130749999999,SPI,MOSI: 0xFFFF
16.420126374999999,SPI,MOSI: 0xFFFF
16.440134041666667,SPI,MOSI: 0xFFFF
16.460129708333334,SPI,MOSI: 0xFFFF
16.480137375000002,SPI,MOSI: 0xFFFF
16.500133000000002,SPI,MOSI: 0xFFFF
16.520128625000002,SPI,MOSI: 0xFFFF
16.540136291666666,SPI,MOSI: 0xFFFF
16.560131916666666,SPI,MOSI: 0xFFFF
16.580127541666666,SPI,MOSI: 0xFFFF
16.600135208333334,SPI,MOSI: 0xFFFF
16.620130833333334,SPI,MOSI: 0xFEFF
16.640138499999999,SPI,MOSI: 0xFEFF
16.660134124999999,SPI,MOSI: 0xFEFF
16.680129791666666,SPI,MOSI: 0xFEFF
16.700137416666667,SPI,MOSI: 0xFEFF
16.720133083333334,SPI,MOSI: 0xFEFF
16.740128708333334,SPI,MOSI: 0xFEFF
16.760136374999998,SPI,MOSI: 0xFEFF
16.780131999999998,SPI,MOSI: 0xFEFF
16.800139666666666,SPI,MOSI: 0xFEFF
16.820135291666666,SPI,MOSI: 0xFEFF
16.840130916666666,SPI,MOSI: 0xFEFF
16.860138583333335,SPI,MOSI: 0xFEFF
16.880134208333335,SPI,MOSI: 0xFEFF
16.900129875000001,SPI,MOSI: 0xFEFF
16.920137499999999,SPI,MOSI: 0xFEFF
16.940133166666666,SPI,MOSI: 0xFEFF
16.960140833333334,SPI,MOSI: 0xFEFF
16.980136458333334,SPI,MOSI: 0xFEFF
17.000132083333334,SPI,MOSI: 0xFEFF
17.020139749999998,SPI,MOSI: 0xFEFF
17.040135374999998,SPI,MOSI: 0xFEFF
17.060130999999998,SPI,MOSI: 0xFEFF
17.080138666666667,SPI,MOSI: 0xFEFF
17.100134291666667,SPI,MOSI: 0xFEFF
17.120141958333335,SPI,MOSI: 0xFEFF
17.140137583333335,SPI,MOSI: 0xFEFF
17.160133250000001,SPI,MOSI: 0xFEFF
17.180140916666666,SPI,MOSI: 0xFEFF
17.200136541666666,SPI,MOSI: 0xFEFF
17.220132166666666,SPI,MOSI: 0xFEFF
17.240139833333334,SPI,MOSI: 0xFEFF
17.260135458333334,SPI,MOSI: 0xFEFF
17.280143124999999,SPI,MOSI: 0xFEFF
17.300138749999999,SPI,MOSI: 0xFEFF
17.320134374999999,SPI,MOSI: 0xFEFF
17.340142041666667,SPI,MOSI: 0xFEFF
17.360137666666667,SPI,MOSI: 0xFEFF
17.380133333333333,SPI,MOSI: 0xFEFF
17.400140958333335,SPI,MOSI: 0xFEFF
17.420136625000001,SPI,MOSI: 0xFEFF
17.440144291666666,SPI,MOSI: 0xFEFF
17.460139916666666,SPI,MOSI: 0xFEFF
17.480135541666666,SPI,MOSI: 0xFEFF
17.500143208333334,SPI,MOSI: 0xFEFF
17.520138833333334,SPI,MOSI: 0xFEFF
17.540134458333334,SPI,MOSI: 0xFEFF
17.560142124999999,SPI,MOSI: 0xFEFF
17.580137749999999,SPI,MOSI: 0xFEFF
17.600145416666667,SPI,MOSI: 0xFEFF
17.620141041666667,SPI,MOSI: 0xFEFF
17.640136708333333,SPI,MOSI: 0xFEFF
17.660144375000002,SPI,MOSI: 0xFEFF
17.680140000000002,SPI,MOSI: 0xFEFF
17.700135625000001,SPI,MOSI: 0xFEFF
17.720143291666666,SPI,MOSI: 0xFEFF
17.740138916666666,SPI,MOSI: 0xFEFF
17.760146583333334,SPI,MOSI: 0xFEFF
17.780142208333334,SPI,MOSI: 0xFEFF
17.800137833333334,SPI,MOSI: 0xFEFF
17.820145499999999,SPI,MOSI: 0xFEFF
17.840141124999999,SPI,MOSI: 0xFEFF
17.860136791666665,SPI,MOSI: 0xFEFF
17.880144458333334,SPI,MOSI: 0xFEFF
17.900140083333334,SPI,MOSI: 0xFEFF
17.920147750000002,SPI,MOSI: 0xFEFF
17.940143375000002,SPI,MOSI: 0xFEFF
17.960139000000002,SPI,MOSI: 0xFAFF
17.980146666666666,SPI,MOSI: 0xFAFF
18.000142291666666,SPI,MOSI: 0xFAFF
18.020137916666666,SPI,MOSI: 0xFBFF
18.040145583333334,SPI,MOSI: 0xFBFF
18.060141208333334,SPI,MOSI: 0xFBFF
18.080148874999999,SPI,MOSI: 0xFBFF
18.100144499999999,SPI,MOSI: 0xFBFF
18.120140166666665,SPI,MOSI: 0xFBFF
18.140147833333334,SPI,MOSI: 0xFBFF
18.160143458333334,SPI,MOSI: 0xFBFF
18.180139083333334,SPI,MOSI: 0xFBFF
18.200146749999998,SPI,MOSI: 0xFBFF
18.220142374999998,SPI,MOSI: 0xFBFF
18.240150041666666,SPI,MOSI: 0xFBFF
18.260145666666666,SPI,MOSI: 0xFBFF
18.280141291666666,SPI,MOSI: 0xFBFF
18.300148958333335,SPI,MOSI: 0xFBFF
18.320144583333335,SPI,MOSI: 0xFBFF
18.340140250000001,SPI,MOSI: 0xFBFF
18.360147916666666,SPI,MOSI: 0xFBFF
18.380143541666666,SPI,MOSI: 0xFBFF
18.400151208333334,SPI,MOSI: 0xFBFF
18.420146833333334,SPI,MOSI: 0xFBFF
18.440142458333334,SPI,MOSI: 0xFBFF
18.460150124999998,SPI,MOSI: 0xFBFF
18.480145749999998,SPI,MOSI: 0xFBFF
18.500141374999998,SPI,MOSI: 0xFBFF
18.520149041666667,SPI,MOSI: 0xFBFF
18.540144666666666,SPI,MOSI: 0xFBFF
18.560152333333335,SPI,MOSI: 0xFBFF
18.580148000000001,SPI,MOSI: 0xFBFF
18.600143625000001,SPI,MOSI: 0xFBFF
18.620151291666666,SPI,MOSI: 0xFBFF
18.640146916666666,SPI,MOSI: 0xFBFF
18.660142541666666,SPI,MOSI: 0xFBFF
18.680150208333334,SPI,MOSI: 0xFBFF
18.700145833333334,SPI,MOSI: 0xFBFF
18.720153499999999,SPI,MOSI: 0xFBFF
18.740149124999999,SPI,MOSI: 0xFBFF
18.760144749999998,SPI,MOSI: 0xFBFF
18.780152416666667,SPI,MOSI: 0xFBFF
18.800148041666667,SPI,MOSI: 0xFBFF
18.820143708333333,SPI,MOSI: 0xFBFF
18.840151375000001,SPI,MOSI: 0xFBFF
18.860147000000001,SPI,MOSI: 0xFBFF
18.880154666666666,SPI,MOSI: 0xFBFF
18.900150291666666,SPI,MOSI: 0xFBFF
18.920145916666666,SPI,MOSI: 0xFBFF
18.940153583333334,SPI,MOSI: 0xFBFF
18.960149208333334,SPI,MOSI: 0xFBFF
18.980144833333334,SPI,MOSI: 0xFBFF
19.000152499999999,SPI,MOSI: 0xFBFF
19.020148124999999,SPI,MOSI: 0xFBFF
19.040155791666667,SPI,MOSI: 0xFBFF
19.060151458333333,SPI,MOSI: 0xFBFF
19.080147083333333,SPI,MOSI: 0xFBFF
19.100154750000002,SPI,MOSI: 0xFBFF
19.120150375000001,SPI,MOSI: 0xFBFF
19.140146000000001,SPI,MOSI: 0xFBFF
19.160153666666666,SPI,MOSI: 0xFBFF
19.180149291666666,SPI,MOSI: 0xFBFF
19.200156958333334,SPI,MOSI: 0xFBFF
19.220152583333334,SPI,MOSI: 0xFBFF
19.240148208333334,SPI,MOSI: 0xFBFF
19.260155874999999,SPI,MOSI: 0xFBFF
19.280151499999999,SPI,MOSI: 0xFBFF
19.300147166666665,SPI,MOSI: 0xFBFF
19.320154833333333,SPI,MOSI: 0xFBFF
19.340150458333333,SPI,MOSI: 0xFBFF
19.360158125000002,SPI,MOSI: 0xFBFF
19.380153750000002,SPI,MOSI: 0xFBFF
19.400149375000002,SPI,MOSI: 0xFBFF
19.420157041666666,SPI,MOSI: 0xFBFF
19.440152666666666,SPI,MOSI: 0xFBFF
19.460148291666666,SPI,MOSI: 0xFBFF
19.480155958333334,SPI,MOSI: 0xFBFF
19.500151583333334,SPI,MOSI: 0xFBFF
19.520159249999999,SPI,MOSI: 0xFBFF
19.540154916666665,SPI,MOSI: 0xFBFF
19.560150541666665,SPI,MOSI: 0xFBFF
19.580158208333334,SPI,MOSI: 0xFBFF
19.600153833333334,SPI,MOSI: 0xFBFF
19.620149458333334,SPI,MOSI: 0xFBFF
19.640157125000002,SPI,MOSI: 0xFBFF
19.660152750000002,SPI,MOSI: 0xFBFF
19.680160416666666,SPI,MOSI: 0xFBFF
19.700156041666666,SPI,MOSI: 0xFBFF
19.720151666666666,SPI,MOSI: 0xFBFF
19.740159333333335,SPI,MOSI: 0xFBFF
19.760155000000001,SPI,MOSI: 0xFBFF
19.780150625000001,SPI,MOSI: 0xFBFF
19.800158291666666,SPI,MOSI: 0xFBFF
19.820153916666666,SPI,MOSI: 0xFBFF
19.840161583333334,SPI,MOSI: 0xFBFF
19.860157208333334,SPI,MOSI: 0xFBFF
19.880152833333334,SPI,MOSI: 0xFBFF
19.900160499999998,SPI,MOSI: 0xFBFF
19.920156124999998,SPI,MOSI: 0xFBFF
19.940151749999998,SPI,MOSI: 0xFBFF
19.960159416666666,SPI,MOSI: 0xFBFF
19.980155041666666,SPI,MOSI: 0xFB7F
20.000162708333335,SPI,MOSI: 0xFB7F
20.020158375000001,SPI,MOSI: 0xFB7F
20.040154000000001,SPI,MOSI: 0xFB7F
20.060161666666666,SPI,MOSI: 0xFB7F
20.080157291666666,SPI,MOSI: 0xFF7F
20.100152916666666,SPI,MOSI: 0xFF7F
20.120160583333334,SPI,MOSI: 0xFF7F
20.140156208333334,SPI,MOSI: 0xFF7F
20.160163874999999,SPI,MOSI: 0xFF7F
20.180159499999998,SPI,MOSI: 0xFF7F
20.200155124999998,SPI,MOSI: 0xFF7F
20.220162791666667,SPI,MOSI: 0xFF7F
20.240158458333333,SPI,MOSI: 0xFF7F
20.260154083333333,SPI,MOSI: 0xFF7F
20.280161750000001,SPI,MOSI: 0xFF7F
20.300157375000001,SPI,MOSI: 0xFF7F
20.320165041666666,SPI,MOSI: 0xFF7F
20.340160666666666,SPI,MOSI: 0xFF7F
20.360156291666666,SPI,MOSI: 0xFF7F
20.380163958333334,SPI,MOSI: 0xFF7F
20.400159583333334,SPI,MOSI: 0xFF7F
20.420155208333334,SPI,MOSI: 0xFF7F
20.440162874999999,SPI,MOSI: 0xFF7F
20.460158499999999,SPI,MOSI: 0xFF7F
20.480166166666667,SPI,MOSI: 0xFF7F
20.500161833333333,SPI,MOSI: 0xFF7F
20.520157458333333,SPI,MOSI: 0xFF7F
20.540165125000001,SPI,MOSI: 0xFF7F
20.560160750000001,SPI,MOSI: 0xFF7F
20.580156375000001,SPI,MOSI: 0xFF7F
20.600164041666666,SPI,MOSI: 0xFF7F
20.620159666666666,SPI,MOSI: 0xFF7F
20.640167333333334,SPI,MOSI: 0xFF7F
20.660162958333334,SPI,MOSI: 0xFF7F
20.680158583333334,SPI,MOSI: 0xFF7F
20.700166249999999,SPI,MOSI: 0xFF7F
20.720161916666665,SPI,MOSI: 0xFF7F
20.740157541666665,SPI,MOSI: 0xFF7F
20.760165208333333,SPI,MOSI: 0xFF7F
20.780160833333333,SPI,MOSI: 0xFF7F
20.800168500000002,SPI,MOSI: 0xFF7F
20.820164125000002,SPI,MOSI: 0xFF7F
20.840159750000002,SPI,MOSI: 0xFF7F
20.860167416666666,SPI,MOSI: 0xFF7F
20.880163041666666,SPI,MOSI: 0xFF7F
20.900158666666666,SPI,MOSI: 0xFF7F
20.920166333333334,SPI,MOSI: 0xFF7F
20.940161958333334,SPI,MOSI: 0xFF7F
20.960169624999999,SPI,MOSI: 0xFF7F
20.980165291666665,SPI,MOSI: 0xFF7F
21.000160916666665,SPI,MOSI: 0xFF7F
21.020168583333334,SPI,MOSI: 0xFF7F
21.040164208333334,SPI,MOSI: 0xFF7F
21.060159833333334,SPI,MOSI: 0xFF7F
21.080167500000002,SPI,MOSI: 0xFF7F
21.100163125000002,SPI,MOSI: 0xFF7F
21.120170791666666,SPI,MOSI: 0xFF7F
21.140166416666666,SPI,MOSI: 0xFF7F
21.160162041666666,SPI,MOSI: 0xFF7F
21.180169708333334,SPI,MOSI: 0xFF7F
21.200165375000001,SPI,MOSI: 0xFF7F
21.220161000000001,SPI,MOSI: 0xFF7F
21.240168666666666,SPI,MOSI: 0xFF7F
21.260164291666666,SPI,MOSI: 0xFF7F
21.280171958333334,SPI,MOSI: 0xFF7F
21.300167583333334,SPI,MOSI: 0xFF7F
21.320163208333334,SPI,MOSI: 0xFF7F
21.340170874999998,SPI,MOSI: 0xFF7F
21.360166499999998,SPI,MOSI: 0xFF7F
21.380162124999998,SPI,MOSI: 0xFF7F
21.400169791666666,SPI,MOSI: 0xFF7F
21.420165416666666,SPI,MOSI: 0xFF7F
21.440173083333335,SPI,MOSI: 0xFF7F
21.460168750000001,SPI,MOSI: 0xFF7F
21.480164375000001,SPI,MOSI: 0xFF7F
21.500172041666666,SPI,MOSI: 0xFF7F
21.520167666666666,SPI,MOSI: 0xFF7F
21.540163291666666,SPI,MOSI: 0xFF7F
21.560170958333334,SPI,MOSI: 0xFF7F
21.580166583333334,SPI,MOSI: 0xFF7F
21.600174249999998,SPI,MOSI: 0xFF7F
21.620169874999998,SPI,MOSI: 0xFF7F
21.640165499999998,SPI,MOSI: 0xFF7F
21.660173166666667,SPI,MOSI: 0xFF7F
21.680168833333333,SPI,MOSI: 0xFF7F
21.700164458333333,SPI,MOSI: 0xFF7F
21.720172125000001,SPI,MOSI: 0xFF7F
21.740167750000001,SPI,MOSI: 0xFF7F
21.760175416666666,SPI,MOSI: 0xFF7F
21.780171041666666,SPI,MOSI: 0xFF7F
21.800166666666666,SPI,MOSI: 0xFF7F
21.820174333333334,SPI,MOSI: 0xFF7F
21.840169958333334,SPI,MOSI: 0xFF7F
21.860165583333334,SPI,MOSI: 0xFF7F
21.880173249999999,SPI,MOSI: 0xFF7F
21.900168874999999,SPI,MOSI: 0xFF7F
21.920176541666667,SPI,MOSI: 0xFF7F
21.940172208333333,SPI,MOSI: 0xFF7F
21.960167833333333,SPI,MOSI: 0xFF7F
21.980175500000001,SPI,MOSI: 0xFF7F
22.000171125000001,SPI,MOSI: 0xFF7F
22.020166750000001,SPI,MOSI: 0xFF7F
22.040174416666666,SPI,MOSI: 0xFF7F
22.060170041666666,SPI,MOSI: 0xFF7F
22.080177708333334,SPI,MOSI: 0xFF7F
22.100173333333334,SPI,MOSI: 0xFF7F
22.120168958333334,SPI,MOSI: 0xFF7F
22.140176624999999,SPI,MOSI: 0xFF7F
22.160172291666665,SPI,MOSI: 0xFF7F
22.180167916666665,SPI,MOSI: 0xFF7F
22.200175583333333,SPI,MOSI: 0xFF7F
22.220171208333333,SPI,MOSI: 0xFF7F
22.240178875000002,SPI,MOSI: 0xFF7F
22.260174500000002,SPI,MOSI: 0xFF7F
22.280170125000001,SPI,MOSI: 0xFF7F
22.300177791666666,SPI,MOSI: 0xFF7F
22.320173416666666,SPI,MOSI: 0xFF7F
22.340169041666666,SPI,MOSI: 0xFF7F
22.360176708333334,SPI,MOSI: 0xFF7F
22.380172333333334,SPI,MOSI: 0xFF7F
22.400179999999999,SPI,MOSI: 0xFF7F
22.420175666666665,SPI,MOSI: 0xFF7F
22.440171291666665,SPI,MOSI: 0xFF7F
22.460178958333334,SPI,MOSI: 0xFF7F
22.480174583333334,SPI,MOSI: 0xFF7F
22.500170208333333,SPI,MOSI: 0xFF7F
22.520177875000002,SPI,MOSI: 0xFF7F
22.540173500000002,SPI,MOSI: 0xFF7F
22.560181166666666,SPI,MOSI: 0xFF7F
22.580176791666666,SPI,MOSI: 0xFF7F
22.600172416666666,SPI,MOSI: 0xFF7F
22.620180083333334,SPI,MOSI: 0xFF7F
22.640175750000001,SPI,MOSI: 0xFF7F
22.660171375000001,SPI,MOSI: 0xFF7F
22.680179041666666,SPI,MOSI: 0xFF7F
22.700174666666666,SPI,MOSI: 0xFF7F
22.720182333333334,SPI,MOSI: 0xFF7F
22.740177958333334,SPI,MOSI: 0xFF7F
22.760173583333334,SPI,MOSI: 0xFF7F
22.780181249999998,SPI,MOSI: 0xFF7F
22.800176874999998,SPI,MOSI: 0xFF7F
22.820172500000002,SPI,MOSI: 0xFF7F
22.840180166666666,SPI,MOSI: 0xFF7F
22.860175791666666,SPI,MOSI: 0xFF7F
22.880183458333335,SPI,MOSI: 0xFF7F
22.900179125000001,SPI,MOSI: 0xFF7F
22.920174750000001,SPI,MOSI: 0xFF7F
22.940182416666666,SPI,MOSI: 0xFF7F
22.960178041666666,SPI,MOSI: 0xFF7F
22.980173666666666,SPI,MOSI: 0xFF7F
23.000181333333334,SPI,MOSI: 0xFF7F
23.020176958333334,SPI,MOSI: 0xFF7F
23.040184624999998,SPI,MOSI: 0xFF7F
23.060180249999998,SPI,MOSI: 0xFF7F
23.080175874999998,SPI,MOSI: 0xFF7F
23.100183541666667,SPI,MOSI: 0xFF7F
23.120179208333333,SPI,MOSI: 0xFF7F
23.140174833333333,SPI,MOSI: 0xFF7F
23.160182500000001,SPI,MOSI: 0xFF7F
23.180178125000001,SPI,MOSI: 0xFF7F
23.200185791666666,SPI,MOSI: 0xFF7F
23.220181416666666,SPI,MOSI: 0xFF7F
23.240177041666666,SPI,MOSI: 0xFF7F
23.260184708333334,SPI,MOSI: 0xFF7F
23.280180333333334,SPI,MOSI: 0xFF7F
23.300175958333334,SPI,MOSI: 0xFF7F
23.320183624999999,SPI,MOSI: 0xFF7F
23.340179249999998,SPI,MOSI: 0xFFFF
23.360186916666667,SPI,MOSI: 0xFFFF
23.380182583333333,SPI,MOSI: 0xFFFF
23.400178208333333,SPI,MOSI: 0xFFFF
23.420185875000001,SPI,MOSI: 0xFFFF
23.440181500000001,SPI,MOSI: 0xFFFF
23.460177125000001,SPI,MOSI: 0xFFFF
23.480184791666666,SPI,MOSI: 0xFFFF
23.500180416666666,SPI,MOSI: 0xFFFF
23.520188083333334,SPI,MOSI: 0xFFFF
23.540183708333334,SPI,MOSI: 0xFFFF
23.560179333333334,SPI,MOSI: 0xFFFF
23.580186999999999,SPI,MOSI: 0xFFFF
23.600182666666665,SPI,MOSI: 0xFFFF
23.620178291666665,SPI,MOSI: 0xFFFF
23.640185958333333,SPI,MOSI: 0xFFFF
23.660181583333333,SPI,MOSI: 0xFFFF
23.680189250000002,SPI,MOSI: 0xFFFF
23.700184875000001,SPI,MOSI: 0xFFFF
23.720180500000001,SPI,MOSI: 0xFFFF
23.740188166666666,SPI,MOSI: 0xFFFF
23.760183791666666,SPI,MOSI: 0xFFFF
23.780179416666666,SPI,MOSI: 0xFBFF
23.800187083333334,SPI,MOSI: 0xFBFF
23.820182708333334,SPI,MOSI: 0xFBFF
23.840190374999999,SPI,MOSI: 0xFBFF
23.860186041666665,SPI,MOSI: 0xFBFF
23.880181666666665,SPI,MOSI: 0xFBFF
23.900189333333334,SPI,MOSI: 0xFBFF
23.920184958333333,SPI,MOSI: 0xFBFF
23.940180583333333,SPI,MOSI: 0xFBFF
23.960188250000002,SPI,MOSI: 0xF9FF
23.980183875000002,SPI,MOSI: 0xF9FF
24.000191541666666,SPI,MOSI: 0xF9FF
24.020187166666666,SPI,MOSI: 0xF9FF
24.040182791666666,SPI,MOSI: 0xF9FF
24.060190458333334,SPI,MOSI: 0xFBFF
24.080186125000001,SPI,MOSI: 0xFBFF
24.100181750000001,SPI,MOSI: 0x7BFF
24.120189416666665,SPI,MOSI: 0x7BFF
24.140185041666665,SPI,MOSI: 0x7BFF
24.160192708333334,SPI,MOSI: 0x7FFF
24.180188333333334,SPI,MOSI: 0x7FFF
24.200183958333334,SPI,MOSI: 0x7FFF
24.220191624999998,SPI,MOSI: 0x7FFF
24.240187250000002,SPI,MOSI: 0xFFFF
24.260182875000002,SPI,MOSI: 0xFFFF
24.280190541666666,SPI,MOSI: 0xFFFF
24.300186166666666,SPI,MOSI: 0x7FFF
24.320193833333335,SPI,MOSI: 0x7FFF
24.340189500000001,SPI,MOSI: 0x7FFF
24.360185125000001,SPI,MOSI: 0x7FFF
24.380192791666666,SPI,MOSI: 0x7FFF
24.400188416666666,SPI,MOSI: 0x7FFF
24.420184041666666,SPI,MOSI: 0x7FFF
24.440191708333334,SPI,MOSI: 0xFFFF
24.460187333333334,SPI,MOSI: 0xFFFF
24.480194999999998,SPI,MOSI: 0xFFFF
24.500190624999998,SPI,MOSI: 0xFFFF
24.520186249999998,SPI,MOSI: 0x7FFF
24.540193916666666,SPI,MOSI: 0x7FFF
24.560189583333333,SPI,MOSI: 0x7FFF
24.580185208333333,SPI,MOSI: 0x7FFF
24.600192875000001,SPI,MOSI: 0x7FFF
24.620188500000001,SPI,MOSI: 0x7FFF
24.640196166666666,SPI,MOSI: 0x7FFF
24.660191791666666,SPI,MOSI: 0xFFFF
24.680187416666666,SPI,MOSI: 0xFFFF
24.700195083333334,SPI,MOSI: 0xFFFF
24.720190708333334,SPI,MOSI: 0x7FFF
24.740186333333334,SPI,MOSI: 0x7FFF
24.760193999999998,SPI,MOSI: 0x7FFF
24.780189624999998,SPI,MOSI: 0x7FFF
24.800197291666667,SPI,MOSI: 0x7FFF
24.820192958333333,SPI,MOSI: 0x7FFF
24.840188583333333,SPI,MOSI: 0x7FFF
24.860196250000001,SPI,MOSI: 0xFFFF
24.880191875000001,SPI,MOSI: 0xFFFF
24.900187500000001,SPI,MOSI: 0x7FFF
24.920195166666666,SPI,MOSI: 0x7FFF
24.940190791666666,SPI,MOSI: 0x7FFF
24.960198458333334,SPI,MOSI: 0x7FFF
24.980194083333334,SPI,MOSI: 0x7FFF
25.000189708333334,SPI,MOSI: 0x7FFF
25.020197374999999,SPI,MOSI: 0x7FFF
25.040193041666665,SPI,MOSI: 0xFEFF
25.060188666666665,SPI,MOSI: 0xFEFF
25.080196333333333,SPI,MOSI: 0xFEFF
25.100191958333333,SPI,MOSI: 0xFEFF
25.120199625000001,SPI,MOSI: 0xFEFF
25.140195250000001,SPI,MOSI: 0xFEFF
25.160190875000001,SPI,MOSI: 0xFEFF
25.180198541666666,SPI,MOSI: 0xFEFF
25.200194166666666,SPI,MOSI: 0xFEFF
25.220189791666666,SPI,MOSI: 0xFEFF
25.240197458333334,SPI,MOSI: 0xFEFF
25.260193083333334,SPI,MOSI: 0xFEFF
25.280200749999999,SPI,MOSI: 0xFEFF
25.300196416666665,SPI,MOSI: 0xFEFF
25.320192041666665,SPI,MOSI: 0xFEFF
25.340199708333333,SPI,MOSI: 0xFAFF
25.360195333333333,SPI,MOSI: 0xFAFF
25.380190958333333,SPI,MOSI: 0xFBFF
25.400198625000002,SPI,MOSI: 0xFBFF
25.420194250000002,SPI,MOSI: 0xFBFF
25.440201916666666,SPI,MOSI: 0xFBFF
25.460197541666666,SPI,MOSI: 0xFBFF
25.480193166666666,SPI,MOSI: 0xFBFF
25.500200833333334,SPI,MOSI: 0xFBFF
25.520196500000001,SPI,MOSI: 0xFBFF
25.540192125000001,SPI,MOSI: 0xF9FF
25.560199791666665,SPI,MOSI: 0xF9FF
25.580195416666665,SPI,MOSI: 0xF9FF
25.600203083333334,SPI,MOSI: 0xF9FF
25.620198708333334,SPI,MOSI: 0xF9FF
25.640194333333334,SPI,MOSI: 0xF9FF
25.660202000000002,SPI,MOSI: 0xF9FF
25.680197625000002,SPI,MOSI: 0xF9FF
25.700193250000002,SPI,MOSI: 0xF9FF
25.720200916666666,SPI,MOSI: 0xFDFF
25.740196541666666,SPI,MOSI: 0xFDFF
25.760204208333334,SPI,MOSI: 0xFDFF
25.780199875000001,SPI,MOSI: 0xFDFF
25.800195500000001,SPI,MOSI: 0xFDFF
25.820203166666666,SPI,MOSI: 0xFDFF
25.840198791666666,SPI,MOSI: 0xFDFF
25.860194416666666,SPI,MOSI: 0xFDFF
25.880202083333334,SPI,MOSI: 0xFDFF
25.900197708333334,SPI,MOSI: 0xFDFF
25.920205374999998,SPI,MOSI: 0xFDFF
25.940200999999998,SPI,MOSI: 0xFDFF
25.960196624999998,SPI,MOSI: 0xFDFF
25.980204291666666,SPI,MOSI: 0xFDFF
26.000199958333333,SPI,MOSI: 0xFDFF
26.020195583333333,SPI,MOSI: 0xFDFF
26.040203250000001,SPI,MOSI: 0xFDFF
26.060198875000001,SPI,MOSI: 0xFDFF
26.080206541666666,SPI,MOSI: 0xFDFF
26.100202166666666,SPI,MOSI: 0xFDFF
26.120197791666666,SPI,MOSI: 0xFDFF
26.140205458333334,SPI,MOSI: 0xFDFF
26.160201083333334,SPI,MOSI: 0xFDFF
26.180196708333334,SPI,MOSI: 0xFDFF
26.200204374999998,SPI,MOSI: 0x7DFF
26.220199999999998,SPI,MOSI: 0x7FFF
26.240207666666667,SPI,MOSI: 0x7FFF
26.260203333333333,SPI,MOSI: 0x7FFF
26.280198958333333,SPI,MOSI: 0x7FFF
26.300206625000001,SPI,MOSI: 0x7FFF
26.320202250000001,SPI,MOSI: 0x7FFF
26.340197875000001,SPI,MOSI: 0x7FFF
26.360205541666666,SPI,MOSI: 0x7FFF
26.380201166666666,SPI,MOSI: 0xFFFF
26.400208833333334,SPI,MOSI: 0xFFFF
26.420204458333334,SPI,MOSI: 0xFFFF
26.440200083333334,SPI,MOSI: 0xFFFF
26.460207749999999,SPI,MOSI: 0xFFFF
26.480203416666665,SPI,MOSI: 0xFFFF
26.500199041666665,SPI,MOSI: 0xFDFF
26.520206708333333,SPI,MOSI: 0xFDFF
26.540202333333333,SPI,MOSI: 0xFDFF
26.560210000000001,SPI,MOSI: 0xFDFF
26.580205625000001,SPI,MOSI: 0xFDFF
26.600201250000001,SPI,MOSI: 0xFDFF
26.620208916666666,SPI,MOSI: 0xFDFF
26.640204541666666,SPI,MOSI: 0xFDFF
26.660200166666666,SPI,MOSI: 0xFDFF
26.680207833333334,SPI,MOSI: 0xFDFF
26.700203458333334,SPI,MOSI: 0xFDFF
26.720211124999999,SPI,MOSI: 0xFDFF
26.740206791666665,SPI,MOSI: 0xFDFF
26.760202416666665,SPI,MOSI: 0xFDFF
26.780210083333333,SPI,MOSI: 0xFDFF
26.800205708333333,SPI,MOSI: 0xFDFF
26.820201333333333,SPI,MOSI: 0xFDFF
26.840209000000002,SPI,MOSI: 0xFDFF
26.860204625000001,SPI,MOSI: 0xFDFF
26.880212291666666,SPI,MOSI: 0xFDFF
26.900207916666666,SPI,MOSI: 0xFDFF
26.920203541666666,SPI,MOSI: 0xFDFF
26.940211208333334,SPI,MOSI: 0xFDFF
26.960206875000001,SPI,MOSI: 0xFDFF
26.980202500000001,SPI,MOSI: 0xFDFF
27.000210166666665,SPI,MOSI: 0xFDFF
27.020205791666665,SPI,MOSI: 0xFDFF
27.040213458333334,SPI,MOSI: 0xFDFF
27.060209083333334,SPI,MOSI: 0xFDFF
27.080204708333333,SPI,MOSI: 0xFDFF
27.100212375000002,SPI,MOSI: 0xFDFF
27.120208000000002,SPI,MOSI: 0xFDFF
27.140203625000002,SPI,MOSI: 0xFDFF
27.160211291666666,SPI,MOSI: 0xFDFF
27.180206916666666,SPI,MOSI: 0xFDFF
27.200214583333334,SPI,MOSI: 0xFDFF
27.220210250000001,SPI,MOSI: 0xFDFF
27.240205875000001,SPI,MOSI: 0xFDFF
27.260213541666666,SPI,MOSI: 0x7DFF
27.280209166666666,SPI,MOSI: 0x7DFF
27.300204791666665,SPI,MOSI: 0x7DFF
27.320212458333334,SPI,MOSI: 0x7DFF
27.340208083333334,SPI,MOSI: 0x7DFF
27.360215749999998,SPI,MOSI: 0x7DFF
27.380211374999998,SPI,MOSI: 0x7FFF
27.400207000000002,SPI,MOSI: 0x7FFF
27.420214666666666,SPI,MOSI: 0x7FFF
27.440210333333333,SPI,MOSI: 0x7FFF
27.460205958333333,SPI,MOSI: 0x7FFF
27.480213625000001,SPI,MOSI: 0xFFFF
27.500209250000001,SPI,MOSI: 0xFFFF
27.520216916666666,SPI,MOSI: 0xFFFF
27.540212541666666,SPI,MOSI: 0xFDFF
27.560208166666666,SPI,MOSI: 0xFDFF
27.580215833333334,SPI,MOSI: 0xFDFF
27.600211458333334,SPI,MOSI: 0xFDFF
27.620207083333334,SPI,MOSI: 0xFDFF
27.640214749999998,SPI,MOSI: 0xFDFF
27.660210374999998,SPI,MOSI: 0xFDFF
27.680218041666667,SPI,MOSI: 0xFDFF
27.700213708333333,SPI,MOSI: 0xFDFF
27.720209333333333,SPI,MOSI: 0xFDFF
27.740217000000001,SPI,MOSI: 0xFDFF
27.760212625000001,SPI,MOSI: 0xFDFF
27.780208250000001,SPI,MOSI: 0xFDFF
27.800215916666666,SPI,MOSI: 0xFDFF
27.820211541666666,SPI,MOSI: 0xFDFF
27.840219208333334,SPI,MOSI: 0xFDFF
27.860214833333334,SPI,MOSI: 0xFDFF
27.880210458333334,SPI,MOSI: 0xFDFF
27.900218124999999,SPI,MOSI: 0xFDFF
27.920213791666665,SPI,MOSI: 0xFDFF
27.940209416666665,SPI,MOSI: 0xFDFF
27.960217083333333,SPI,MOSI: 0xFDFF
27.980212708333333,SPI,MOSI: 0xFDFF
28.000220375000001,SPI,MOSI: 0xFFFF
28.020216000000001,SPI,MOSI: 0xFFFF
28.040211625000001,SPI,MOSI: 0xFFFF
28.060219291666666,SPI,MOSI: 0xFFFF
28.080214916666666,SPI,MOSI: 0xFFFF
28.100210541666666,SPI,MOSI: 0xFFFF
28.120218208333334,SPI,MOSI: 0xFFFF
28.140213833333334,SPI,MOSI: 0xFFFF
28.160221499999999,SPI,MOSI: 0xFFFF
28.180217166666665,SPI,MOSI: 0xFFFF
28.200212791666665,SPI,MOSI: 0xFFFF
28.220220458333333,SPI,MOSI: 0xFFFF
28.240216083333333,SPI,MOSI: 0xFFFF
28.260211708333333,SPI,MOSI: 0xFFFF
28.280219375000001,SPI,MOSI: 0xFFFF
28.300215000000001,SPI,MOSI: 0xFFFF
28.320222666666666,SPI,MOSI: 0xFFFF
28.340218291666666,SPI,MOSI: 0xFFFF
28.360213916666666,SPI,MOSI: 0xFFFF
28.380221583333334,SPI,MOSI: 0xFFFF
28.400217250000001,SPI,MOSI: 0xFFFF
28.420212875000001,SPI,MOSI: 0xFFFF
28.440220541666665,SPI,MOSI: 0xFFFF
28.460216166666665,SPI,MOSI: 0xFDFF
28.480223833333334,SPI,MOSI: 0xFDFF
28.500219458333333,SPI,MOSI: 0xFDFF
28.520215083333333,SPI,MOSI: 0xFDFF
28.540222750000002,SPI,MOSI: 0xFDFF
28.560218375000002,SPI,MOSI: 0xFDFF
28.580214000000002,SPI,MOSI: 0xFDFF
28.600221666666666,SPI,MOSI: 0xFDFF
28.620217291666666,SPI,MOSI: 0xFDFF
28.640224958333334,SPI,MOSI: 0xFFFF
28.660220625000001,SPI,MOSI: 0xFFFF
28.680216250000001,SPI,MOSI: 0xFFFF
28.700223916666666,SPI,MOSI: 0xFFFF
28.720219541666665,SPI,MOSI: 0xFFFF
28.740215166666665,SPI,MOSI: 0xFFFF
28.760222833333334,SPI,MOSI: 0xFFFF
28.780218458333334,SPI,MOSI: 0xFFFF
28.800226124999998,SPI,MOSI: 0xFFFF
28.820221750000002,SPI,MOSI: 0xFFFF
28.840217375000002,SPI,MOSI: 0xFFFF
28.860225041666666,SPI,MOSI: 0xFFFF
28.880220666666666,SPI,MOSI: 0xFFFF
28.900216333333333,SPI,MOSI: 0xFFFF
28.920224000000001,SPI,MOSI: 0xFFFF
28.940219625000001,SPI,MOSI: 0xFFFF
28.960227291666666,SPI,MOSI: 0xFFFF
28.980222916666666,SPI,MOSI: 0xFFFF
29.000218541666666,SPI,MOSI: 0xFFFF
29.020226208333334,SPI,MOSI: 0xFDFF
29.040221833333334,SPI,MOSI: 0xFDFF
29.060217458333334,SPI,MOSI: 0xFDFF
29.080225124999998,SPI,MOSI: 0xFDFF
29.100220749999998,SPI,MOSI: 0xFDFF
29.120228416666667,SPI,MOSI: 0xFDFF
29.140224083333333,SPI,MOSI: 0xFDFF
29.160219708333333,SPI,MOSI: 0xFDFF
29.180227375000001,SPI,MOSI: 0xFDFF
29.200223000000001,SPI,MOSI: 0xFDFF
29.220218625000001,SPI,MOSI: 0xFDFF
29.240226291666666,SPI,MOSI: 0xFDFF
29.260221916666666,SPI,MOSI: 0xFDFF
29.280229583333334,SPI,MOSI: 0xFDFF
29.300225208333334,SPI,MOSI: 0xFDFF
29.320220833333334,SPI,MOSI: 0xFDFF
29.340228499999998,SPI,MOSI: 0xFDFF
29.360224124999998,SPI,MOSI: 0xFDFF
29.380219791666665,SPI,MOSI: 0xFDFF
29.400227458333333,SPI,MOSI: 0xFDFF
29.420223083333333,SPI,MOSI: 0xFDFF
29.440230750000001,SPI,MOSI: 0xFDFF
29.460226375000001,SPI,MOSI: 0xFDFF
29.480222000000001,SPI,MOSI: 0xFDFF
29.500229666666666,SPI,MOSI: 0xFDFF
29.520225291666666,SPI,MOSI: 0xFDFF
29.540220916666666,SPI,MOSI: 0xFDFF
29.560228583333334,SPI,MOSI: 0xFDFF
29.580224208333334,SPI,MOSI: 0xFDFF
29.600231874999999,SPI,MOSI: 0xFDFF
29.620227541666665,SPI,MOSI: 0xFDFF
29.640223166666665,SPI,MOSI: 0xF5FF
29.660230833333333,SPI,MOSI: 0xF5FF
29.680226458333333,SPI,MOSI: 0xF5FF
29.700222083333333,SPI,MOSI: 0xF5FF
29.720229750000001,SPI,MOSI: 0xF5FF
29.740225375000001,SPI,MOSI: 0xF5FF
29.760233041666666,SPI,MOSI: 0xF5FF
29.780228666666666,SPI,MOSI: 0xF5FF
29.800224291666666,SPI,MOSI: 0xF5FF
29.820231958333334,SPI,MOSI: 0xF5FF
29.840227583333334,SPI,MOSI: 0xF5FF
29.860223250000001,SPI,MOSI: 0xF5FF
29.880230916666665,SPI,MOSI: 0xF5FF
29.900226541666665,SPI,MOSI: 0xF5FF
29.920234208333333,SPI,MOSI: 0xF5FF
29.940229833333333,SPI,MOSI: 0xF5FF
29.960225458333333,SPI,MOSI: 0xF5FF
29.980233125000002,SPI,MOSI: 0xF5FF
30.000228750000002,SPI,MOSI: 0xF5FF
30.020224375000002,SPI,MOSI: 0xFDFF
30.040232041666666,SPI,MOSI: 0xFDFF
30.060227666666666,SPI,MOSI: 0xFDFF
30.080235333333334,SPI,MOSI: 0xFDFF
30.100230958333334,SPI,MOSI: 0xFDFF
30.120226625000001,SPI,MOSI: 0xFDFF
30.140234291666665,SPI,MOSI: 0xF9FF
30.160229916666665,SPI,MOSI: 0xF9FF
30.180225541666665,SPI,MOSI: 0xF9FF
30.200233208333334,SPI,MOSI: 0xFDFF
30.220228833333334,SPI,MOSI: 0xFDFF
30.240236500000002,SPI,MOSI: 0xF9FF
30.260232125000002,SPI,MOSI: 0xF9FF
30.280227750000002,SPI,MOSI: 0xF9FF
30.300235416666666,SPI,MOSI: 0xF9FF
30.320231041666666,SPI,MOSI: 0xF9FF
30.340226708333333,SPI,MOSI: 0xF9FF
30.360234375000001,SPI,MOSI: 0xF9FF
30.380230000000001,SPI,MOSI: 0xF9FF
30.400237666666666,SPI,MOSI: 0xF9FF
30.420233291666666,SPI,MOSI: 0xF9FF
30.440228916666666,SPI,MOSI: 0xF9FF
30.460236583333334,SPI,MOSI: 0xF9FF
30.480232208333334,SPI,MOSI: 0xF9FF
30.500227833333334,SPI,MOSI: 0xF9FF
30.520235499999998,SPI,MOSI: 0xFDFF
30.540231124999998,SPI,MOSI: 0xFDFF
30.560238791666666,SPI,MOSI: 0xFDFF
30.580234416666666,SPI,MOSI: 0xFDFF
30.600230083333333,SPI,MOSI: 0xFDFF
30.620237750000001,SPI,MOSI: 0xFDFF
30.640233375000001,SPI,MOSI: 0xFDFF
30.660229000000001,SPI,MOSI: 0xFDFF
30.680236666666666,SPI,MOSI: 0xFDFF
30.700232291666666,SPI,MOSI: 0xFDFF
30.720239958333334,SPI,MOSI: 0xFDFF
30.740235583333334,SPI,MOSI: 0xFDFF
30.760231208333334,SPI,MOSI: 0xFDFF
30.780238874999998,SPI,MOSI: 0xFDFF
30.800234499999998,SPI,MOSI: 0xFDFF
30.820230166666665,SPI,MOSI: 0xFDFF
30.840237833333333,SPI,MOSI: 0xFDFF
30.860233458333333,SPI,MOSI: 0xFDFF
30.880241125000001,SPI,MOSI: 0xFDFF
30.900236750000001,SPI,MOSI: 0xFDFF
30.920232375000001,SPI,MOSI: 0xFDFF
30.940240041666666,SPI,MOSI: 0xFDFF
30.960235666666666,SPI,MOSI: 0xF5FF
30.980231291666666,SPI,MOSI: 0xF5FF
31.000238958333334,SPI,MOSI: 0xF5FF
31.020234583333334,SPI,MOSI: 0xF7FF
31.040242249999999,SPI,MOSI: 0xF7FF
31.060237874999999,SPI,MOSI: 0xF7FF
31.080233541666665,SPI,MOSI: 0xF7FF
31.100241208333333,SPI,MOSI: 0xF7FF
31.120236833333333,SPI,MOSI: 0xF7FF
31.140232458333333,SPI,MOSI: 0xF7FF
31.160240125000001,SPI,MOSI: 0xF7FF
31.180235750000001,SPI,MOSI: 0xF7FF
31.200243416666666,SPI,MOSI: 0x77FF
31.220239041666666,SPI,MOSI: 0x77FF
31.240234666666666,SPI,MOSI: 0x77FF
31.260242333333334,SPI,MOSI: 0x77FF
31.280237958333334,SPI,MOSI: 0x76FF
31.300233625000001,SPI,MOSI: 0x76FF
31.320241291666665,SPI,MOSI: 0x76FF
31.340236916666665,SPI,MOSI: 0x76FF
31.360244583333333,SPI,MOSI: 0x76FF
31.380240208333333,SPI,MOSI: 0xF6FF
31.400235833333333,SPI,MOSI: 0xF6FF
31.420243500000002,SPI,MOSI: 0xF6FF
31.440239125000002,SPI,MOSI: 0xF6FF
31.460234750000001,SPI,MOSI: 0xFEFF
31.480242416666666,SPI,MOSI: 0xFEFF
31.500238041666666,SPI,MOSI: 0xFEFF
31.520245708333334,SPI,MOSI: 0xFEFF
31.540241333333334,SPI,MOSI: 0xFEFF
31.560237000000001,SPI,MOSI: 0xFEFF
31.580244666666665,SPI,MOSI: 0xFEFF
31.600240291666665,SPI,MOSI: 0xFEFF
31.620235916666665,SPI,MOSI: 0xFEFF
31.640243583333334,SPI,MOSI: 0xFEFF
31.660239208333333,SPI,MOSI: 0xFEFF
31.680246875000002,SPI,MOSI: 0xFEFF
31.700242500000002,SPI,MOSI: 0xFAFF
31.720238125000002,SPI,MOSI: 0xFAFF
31.740245791666666,SPI,MOSI: 0xFAFF
31.760241416666666,SPI,MOSI: 0xFAFF
31.780237083333333,SPI,MOSI: 0xFAFF
31.800244750000001,SPI,MOSI: 0xFEFF
31.820240375000001,SPI,MOSI: 0xFEFF
31.840248041666666,SPI,MOSI: 0xF6FF
31.860243666666666,SPI,MOSI: 0xF7FF
31.880239291666665,SPI,MOSI: 0xF5FF
31.900246958333334,SPI,MOSI: 0xF5FF
31.920242583333334,SPI,MOSI: 0xF5FF
31.940238208333334,SPI,MOSI: 0xF5FF
31.960245874999998,SPI,MOSI: 0xF5FF
31.980241500000002,SPI,MOSI: 0xF5FF
32.000249166666670,SPI,MOSI: 0xF5FF
32.020244791666670,SPI,MOSI: 0xF5FF
32.040240458333336,SPI,MOSI: 0xF7FF
32.060248125000001,SPI,MOSI: 0xF7FF
32.080243750000001,SPI,MOSI: 0xF7FF
32.100239375000001,SPI,MOSI: 0xF7FF
32.120247041666666,SPI,MOSI: 0xF7FF
32.140242666666666,SPI,MOSI: 0xF7FF
32.160250333333330,SPI,MOSI: 0xF7FF
32.180245958333330,SPI,MOSI: 0xF7FF
32.200241583333330,SPI,MOSI: 0x77FF
32.220249250000002,SPI,MOSI: 0x77FF
32.240244875000002,SPI,MOSI: 0x77FF
32.260240541666668,SPI,MOSI: 0x77FF
32.280248208333333,SPI,MOSI: 0x77FF
32.300243833333333,SPI,MOSI: 0x77FF
32.320251499999998,SPI,MOSI: 0x77FF
32.340247124999998,SPI,MOSI: 0x77FF
32.360242749999998,SPI,MOSI: 0x77FF
32.380250416666669,SPI,MOSI: 0x77FF
32.400246041666669,SPI,MOSI: 0x77FF
32.420241666666669,SPI,MOSI: 0x77FF
32.440249333333334,SPI,MOSI: 0x77FF
32.460244958333334,SPI,MOSI: 0x77FF
32.480252624999999,SPI,MOSI: 0x77FF
32.500248249999999,SPI,MOSI: 0x77FF
32.520243916666665,SPI,MOSI: 0x77FF
32.540251583333337,SPI,MOSI: 0xF7FF
32.560247208333337,SPI,MOSI: 0xF7FF
32.580242833333337,SPI,MOSI: 0xF7FF
32.600250500000001,SPI,MOSI: 0xF7FF
32.620246125000001,SPI,MOSI: 0xF7FF
32.640253791666666,SPI,MOSI: 0xF7FF
32.660249416666666,SPI,MOSI: 0xF7FF
32.680245041666666,SPI,MOSI: 0xF7FF
32.700252708333331,SPI,MOSI: 0xF7FF
32.720248333333330,SPI,MOSI: 0xF7FF
32.740243999999997,SPI,MOSI: 0xF6FF
32.760251666666669,SPI,MOSI: 0xF6FF
32.780247291666669,SPI,MOSI: 0xF7FF
32.800254958333333,SPI,MOSI: 0xF7FF
32.820250583333333,SPI,MOSI: 0xF7FF
32.840246208333333,SPI,MOSI: 0xF7FF
32.860253874999998,SPI,MOSI: 0xF7FF
32.880249499999998,SPI,MOSI: 0xF7FF
32.900245124999998,SPI,MOSI: 0xF7FF
32.920252791666670,SPI,MOSI: 0x77FF
32.940248416666670,SPI,MOSI: 0x77FF
32.960256083333334,SPI,MOSI: 0x77FF
32.980251708333334,SPI,MOSI: 0x7FFF
33.000247375000001,SPI,MOSI: 0x7FFF
33.020255041666665,SPI,MOSI: 0x7FFF
33.040250666666665,SPI,MOSI: 0x7FFF
33.060246291666665,SPI,MOSI: 0x7FFF
33.080253958333330,SPI,MOSI: 0x7FFF
33.100249583333330,SPI,MOSI: 0xFFFF
33.120257250000002,SPI,MOSI: 0xFFFF
33.140252875000002,SPI,MOSI: 0x7FFF
33.160248500000002,SPI,MOSI: 0x7FFF
33.180256166666666,SPI,MOSI: 0x7FFF
33.200251791666666,SPI,MOSI: 0x7FFF
33.220247458333333,SPI,MOSI: 0x7FFF
33.240255083333331,SPI,MOSI: 0x7FFF
33.260250749999997,SPI,MOSI: 0x7FFF
33.280258416666669,SPI,MOSI: 0x7FFF
33.300254041666669,SPI,MOSI: 0x7FFF
33.320249666666669,SPI,MOSI: 0xFFFF
33.340257333333334,SPI,MOSI: 0xFFFF
33.360252958333334,SPI,MOSI: 0xFFFF
33.380248583333334,SPI,MOSI: 0xFFFF
33.400256249999998,SPI,MOSI: 0xFFFF
33.420251874999998,SPI,MOSI: 0xFFFF
33.440259541666670,SPI,MOSI: 0xF7FF
33.460255166666670,SPI,MOSI: 0xF7FF
33.480250833333336,SPI,MOSI: 0xF7FF
33.500258500000001,SPI,MOSI: 0xF6FF
33.520254125000001,SPI,MOSI: 0xF6FF
33.540249750000001,SPI,MOSI: 0xF6FF
33.560257416666666,SPI,MOSI: 0xFEFF
33.580253041666666,SPI,MOSI: 0xFEFF
33.600260708333330,SPI,MOSI: 0xFEFF
33.620256333333330,SPI,MOSI: 0xFEFF
33.640251958333330,SPI,MOSI: 0xFAFF
33.660259625000002,SPI,MOSI: 0xFAFF
33.680255250000002,SPI,MOSI: 0xFEFF
33.700250916666668,SPI,MOSI: 0xFEFF
33.720258541666666,SPI,MOSI: 0xFEFF
33.740254208333333,SPI,MOSI: 0xF7FF
33.760261874999998,SPI,MOSI: 0xF7FF
33.780257499999998,SPI,MOSI: 0xF5FF
33.800253124999998,SPI,MOSI: 0xF5FF
33.820260791666669,SPI,MOSI: 0xF5FF
33.840256416666669,SPI,MOSI: 0xF5FF
33.860252041666669,SPI,MOSI: 0xF5FF
33.880259708333334,SPI,MOSI: 0xF5FF
33.900255333333334,SPI,MOSI: 0xF7FF
33.920262999999998,SPI,MOSI: 0xF7FF
33.940258624999998,SPI,MOSI: 0xF7FF
33.960254291666665,SPI,MOSI: 0xF6FF
33.980261958333337,SPI,MOSI: 0xF6FF
34.000257583333337,SPI,MOSI: 0xFEFF
34.020253208333337,SPI,MOSI: 0xFEFF
34.040260875000001,SPI,MOSI: 0xFEFF
34.060256500000001,SPI,MOSI: 0xFEFF
34.080264166666666,SPI,MOSI: 0xFEFF
34.100259791666666,SPI,MOSI: 0xFEFF
34.120255416666666,SPI,MOSI: 0xFEFF
34.140263083333330,SPI,MOSI: 0xFEFF
34.160258708333330,SPI,MOSI: 0xFEFF
34.180254374999997,SPI,MOSI: 0x7EFF
34.200262000000002,SPI,MOSI: 0x7EFF
34.220257666666669,SPI,MOSI: 0x7EFF
34.240265333333333,SPI,MOSI: 0x7EFF
34.260260958333333,SPI,MOSI: 0x7EFF
34.280256583333333,SPI,MOSI: 0x7EFF
34.300264249999998,SPI,MOSI: 0x7FFF
34.320259874999998,SPI,MOSI: 0x7FFF
34.340255499999998,SPI,MOSI: 0x7FFF
34.360263166666670,SPI,MOSI: 0x7FFF
34.380258791666670,SPI,MOSI: 0xFFFF
34.400266458333334,SPI,MOSI: 0xFFFF
34.420262083333334,SPI,MOSI: 0xFFFF
34.440257750000001,SPI,MOSI: 0xFFFF
34.460265416666665,SPI,MOSI: 0xFFFF
34.480261041666665,SPI,MOSI: 0xFFFF
34.500256666666665,SPI,MOSI: 0xFFFF
34.520264333333330,SPI,MOSI: 0xFFFF
34.540259958333330,SPI,MOSI: 0xFFFF
34.560267625000002,SPI,MOSI: 0xFFFF
34.580263250000002,SPI,MOSI: 0xFFFF
34.600258875000002,SPI,MOSI: 0xFFFF
34.620266541666666,SPI,MOSI: 0xFFFF
34.640262166666666,SPI,MOSI: 0xFFFF
34.660257833333333,SPI,MOSI: 0xFFFF
34.680265458333331,SPI,MOSI: 0xFDFF
34.700261124999997,SPI,MOSI: 0xFDFF
34.720268791666669,SPI,MOSI: 0xFDFF
34.740264416666669,SPI,MOSI: 0xFDFF
34.760260041666669,SPI,MOSI: 0xFDFF
34.780267708333334,SPI,MOSI: 0xF9FF
34.800263333333334,SPI,MOSI: 0xF9FF
34.820258958333334,SPI,MOSI: 0xF9FF
34.840266624999998,SPI,MOSI: 0xF9FF
34.860262249999998,SPI,MOSI: 0xF9FF
34.880269916666670,SPI,MOSI: 0xF9FF
34.900265541666670,SPI,MOSI: 0xF9FF
34.920261208333336,SPI,MOSI: 0xF9FF
34.940268875000001,SPI,MOSI: 0xF9FF
34.960264500000001,SPI,MOSI: 0xF9FF
34.980260125000001,SPI,MOSI: 0xF9FF
35.000267791666666,SPI,MOSI: 0xF9FF
35.020263416666666,SPI,MOSI: 0xF9FF
35.040271083333330,SPI,MOSI: 0xF9FF
35.060266708333330,SPI,MOSI: 0xF9FF
35.080262333333330,SPI,MOSI: 0xF9FF
35.100270000000002,SPI,MOSI: 0xF9FF
35.120265625000002,SPI,MOSI: 0xF9FF
35.140261291666668,SPI,MOSI: 0xF9FF
35.160268916666666,SPI,MOSI: 0xF9FF
35.180264583333333,SPI,MOSI: 0xF9FF
35.200272249999998,SPI,MOSI: 0xF9FF
35.220267874999998,SPI,MOSI: 0xF9FF
35.240263499999998,SPI,MOSI: 0xF9FF
35.260271166666669,SPI,MOSI: 0xF9FF
35.280266791666669,SPI,MOSI: 0xF9FF
35.300262416666669,SPI,MOSI: 0xF9FF
35.320270083333334,SPI,MOSI: 0xF9FF
35.340265708333334,SPI,MOSI: 0xF9FF
35.360273374999998,SPI,MOSI: 0xF9FF
35.380268999999998,SPI,MOSI: 0xF9FF
35.400264666666665,SPI,MOSI: 0xF9FF
35.420272291666670,SPI,MOSI: 0xF9FF
35.440267958333337,SPI,MOSI: 0xF9FF
35.460263583333337,SPI,MOSI: 0xF9FF
35.480271250000001,SPI,MOSI: 0xF9FF
35.500266875000001,SPI,MOSI: 0xF9FF
35.520274541666666,SPI,MOSI: 0xF9FF
35.540270166666666,SPI,MOSI: 0xF9FF
35.560265791666666,SPI,MOSI: 0xF9FF
35.580273458333330,SPI,MOSI: 0xFBFF
35.600269083333330,SPI,MOSI: 0xFBFF
35.620264749999997,SPI,MOSI: 0xFAFF
35.640272375000002,SPI,MOSI: 0xFEFF
35.660268041666669,SPI,MOSI: 0xFEFF
35.680275708333333,SPI,MOSI: 0xFEFF
35.700271333333333,SPI,MOSI: 0xFEFF
35.720266958333333,SPI,MOSI: 0xFEFF
35.740274624999998,SPI,MOSI: 0xFEFF
35.760270249999998,SPI,MOSI: 0xFE7F
35.780265874999998,SPI,MOSI: 0xFE7F
35.800273541666670,SPI,MOSI: 0xFE7F
35.820269166666669,SPI,MOSI: 0xFF7F
35.840276833333334,SPI,MOSI: 0xFF7F
35.860272458333334,SPI,MOSI: 0xFF7F
35.880268125000001,SPI,MOSI: 0xFF7F
35.900275791666665,SPI,MOSI: 0xFF7F
35.920271416666665,SPI,MOSI: 0xFF7F
35.940267041666665,SPI,MOSI: 0xFF7F
35.960274708333330,SPI,MOSI: 0xFF7F
35.980270333333330,SPI,MOSI: 0xFF7F
36.000278000000002,SPI,MOSI: 0xFF7F
36.020273625000002,SPI,MOSI: 0xFF7F
36.040269250000001,SPI,MOSI: 0xFF7F
36.060276916666666,SPI,MOSI: 0xFF7F
36.080272541666666,SPI,MOSI: 0xFF7F
36.100268208333333,SPI,MOSI: 0xFF7F
36.120275833333331,SPI,MOSI: 0xFF7F
36.140271499999997,SPI,MOSI: 0xFF7F
36.160279166666669,SPI,MOSI: 0xFF7F
36.180274791666669,SPI,MOSI: 0xFF7F
36.200270416666669,SPI,MOSI: 0xFF7F
36.220278083333334,SPI,MOSI: 0xFF7F
36.240273708333334,SPI,MOSI: 0xFF7F
36.260269333333333,SPI,MOSI: 0xFF7F
36.280276999999998,SPI,MOSI: 0xFF7F
36.300272624999998,SPI,MOSI: 0xFF7F
36.320280291666670,SPI,MOSI: 0xFF7F
36.340275916666670,SPI,MOSI: 0xFF7F
36.360271583333336,SPI,MOSI: 0xFF7F
36.380279250000001,SPI,MOSI: 0xFF7F
36.400274875000001,SPI,MOSI: 0xFF7F
36.420270500000001,SPI,MOSI: 0xFF7F
36.440278166666666,SPI,MOSI: 0xFF7F
36.460273791666665,SPI,MOSI: 0xFF7F
36.480281458333330,SPI,MOSI: 0xFF7F
36.500277083333330,SPI,MOSI: 0xFF7F
36.520272708333330,SPI,MOSI: 0xFF7F
36.540280375000002,SPI,MOSI: 0xFF7F
36.560276000000002,SPI,MOSI: 0xFF7F
36.580271666666668,SPI,MOSI: 0xFF7F
36.600279291666666,SPI,MOSI: 0xFF7F
36.620274958333333,SPI,MOSI: 0xFF7F
36.640282624999998,SPI,MOSI: 0xFF7F
36.660278249999998,SPI,MOSI: 0xFF7F
36.680273874999997,SPI,MOSI: 0xFF7F
36.700281541666669,SPI,MOSI: 0xFF7F
36.720277166666669,SPI,MOSI: 0xFF7F
36.740272791666669,SPI,MOSI: 0xFF7F
36.760280458333334,SPI,MOSI: 0xFF7F
36.780276083333334,SPI,MOSI: 0xFF7F
36.800283749999998,SPI,MOSI: 0xFF7F
36.820279374999998,SPI,MOSI: 0xFF7F
36.840275041666665,SPI,MOSI: 0xFF7F
36.860282708333337,SPI,MOSI: 0xFF7F
36.880278333333337,SPI,MOSI: 0xFF7F
36.900273958333337,SPI,MOSI: 0xFF7F
36.920281625000001,SPI,MOSI: 0xFF7F
36.940277250000001,SPI,MOSI: 0xFF7F
36.960284916666666,SPI,MOSI: 0xFF7F
36.980280541666666,SPI,MOSI: 0xFF7F
37.000276166666666,SPI,MOSI: 0xFF7F
37.020283833333330,SPI,MOSI: 0xFF7F
37.040279458333330,SPI,MOSI: 0xFF7F
37.060275124999997,SPI,MOSI: 0xFF7F
37.080282750000002,SPI,MOSI: 0xFF7F
37.100278416666669,SPI,MOSI: 0xFF7F
37.120286083333333,SPI,MOSI: 0xFF7F
37.140281708333333,SPI,MOSI: 0xFF7F
37.160277333333333,SPI,MOSI: 0xFF7F
37.180284999999998,SPI,MOSI: 0xFFFF
37.200280624999998,SPI,MOSI: 0xFFFF
37.220276249999998,SPI,MOSI: 0xFFFF
37.240283916666669,SPI,MOSI: 0xFFFF
37.260279541666669,SPI,MOSI: 0xFFFF
37.280287208333334,SPI,MOSI: 0xFFFF
37.300282833333334,SPI,MOSI: 0xFFFF
37.320278500000001,SPI,MOSI: 0xFFFF
37.340286166666665,SPI,MOSI: 0xFFFF
37.360281791666665,SPI,MOSI: 0xFFFF
37.380277416666665,SPI,MOSI: 0xFFFF
37.400285083333330,SPI,MOSI: 0xFFFF
37.420280708333337,SPI,MOSI: 0xFFFF
37.440288375000002,SPI,MOSI: 0xFFFF
37.460284000000001,SPI,MOSI: 0xFFFF
37.480279625000001,SPI,MOSI: 0xF7FF
37.500287291666666,SPI,MOSI: 0xF6FF
37.520282916666666,SPI,MOSI: 0xF6FF
37.540278583333333,SPI,MOSI: 0xF6FF
37.560286208333331,SPI,MOSI: 0xF6FF
37.580281874999997,SPI,MOSI: 0xF6FF
37.600289541666669,SPI,MOSI: 0xF6FF
37.620285166666669,SPI,MOSI: 0xF6FF
37.640280791666669,SPI,MOSI: 0xF6FF
37.660288458333333,SPI,MOSI: 0xF6FF
37.680284083333333,SPI,MOSI: 0xF6FF
37.700279708333333,SPI,MOSI: 0xF6FF
37.720287374999998,SPI,MOSI: 0xF6FF
37.740282999999998,SPI,MOSI: 0xF6FF
37.760290666666670,SPI,MOSI: 0xF6FF
37.780286291666670,SPI,MOSI: 0xF6FF
37.800281958333336,SPI,MOSI: 0xF6FF
37.820289625000001,SPI,MOSI: 0xF6FF
37.840285250000001,SPI,MOSI: 0xF6FF
37.860280875000001,SPI,MOSI: 0xF6FF
37.880288541666665,SPI,MOSI: 0xF6FF
37.900284166666665,SPI,MOSI: 0xF6FF
37.920291833333330,SPI,MOSI: 0xF6FF
37.940287458333330,SPI,MOSI: 0xF6FF
37.960283083333330,SPI,MOSI: 0xF6FF
37.980290750000002,SPI,MOSI: 0xF6FF
38.000286375000002,SPI,MOSI: 0xF6FF
38.020282041666668,SPI,MOSI: 0xF6FF
38.040289666666666,SPI,MOSI: 0xF6FF
38.060285333333333,SPI,MOSI: 0xF6FF
38.080292999999998,SPI,MOSI: 0xF6FF
38.100288624999997,SPI,MOSI: 0xF6FF
38.120284249999997,SPI,MOSI: 0xF6FF
38.140291916666669,SPI,MOSI: 0xF6FF
38.160287541666669,SPI,MOSI: 0xF6FF
38.180283166666669,SPI,MOSI: 0xF6FF
38.200290833333334,SPI,MOSI: 0xF6FF
38.220286458333334,SPI,MOSI: 0xF6FF
38.240294124999998,SPI,MOSI: 0xF6FF
38.260289749999998,SPI,MOSI: 0xF6FF
38.280285416666665,SPI,MOSI: 0xF6FF
38.300293083333337,SPI,MOSI: 0xF6FF
38.320288708333337,SPI,MOSI: 0xF6FF
38.340284333333337,SPI,MOSI: 0xF6FF
38.360292000000001,SPI,MOSI: 0xF6FF
38.380287625000001,SPI,MOSI: 0xF6FF
38.400295291666666,SPI,MOSI: 0xF6FF
38.420290916666666,SPI,MOSI: 0xF6FF
38.440286541666666,SPI,MOSI: 0xF6FF
38.460294208333330,SPI,MOSI: 0xF6FF
38.480289833333330,SPI,MOSI: 0xF6FF
38.500285499999997,SPI,MOSI: 0xF6FF
38.520293125000002,SPI,MOSI: 0xF6FF
38.540288791666669,SPI,MOSI: 0xF6FF
38.560296458333333,SPI,MOSI: 0xF6FF
38.580292083333333,SPI,MOSI: 0xFEFF
38.600287708333333,SPI,MOSI: 0xFEFF
38.620295374999998,SPI,MOSI: 0xFEFF
38.640290999999998,SPI,MOSI: 0xFEFF
38.660286624999998,SPI,MOSI: 0xFEFF
38.680294291666669,SPI,MOSI: 0xFEFF
38.700289916666669,SPI,MOSI: 0xFEFF
38.720297583333334,SPI,MOSI: 0xFEFF
38.740293208333334,SPI,MOSI: 0xFEFF
38.760288875000001,SPI,MOSI: 0xFEFF
38.780296499999999,SPI,MOSI: 0xFEFF
38.800292166666665,SPI,MOSI: 0xFEFF
38.820287791666665,SPI,MOSI: 0xFEFF
38.840295458333337,SPI,MOSI: 0xFEFF
38.860291083333337,SPI,MOSI: 0xFEFF
38.880298750000001,SPI,MOSI: 0xFEFF
38.900294375000001,SPI,MOSI: 0xFEFF
38.920290000000001,SPI,MOSI: 0xFEFF
38.940297666666666,SPI,MOSI: 0xFEFF
38.960293291666666,SPI,MOSI: 0xFEFF
38.980288958333333,SPI,MOSI: 0xFEFF
39.000296583333331,SPI,MOSI: 0xFEFF
39.020292249999997,SPI,MOSI: 0xFEFF
39.040299916666669,SPI,MOSI: 0xFEFF
39.060295541666669,SPI,MOSI: 0xFEFF
39.080291166666669,SPI,MOSI: 0xFEFF
39.100298833333333,SPI,MOSI: 0xFEFF
39.120294458333333,SPI,MOSI: 0xFEFF
39.140290083333333,SPI,MOSI: 0xFEFF
39.160297749999998,SPI,MOSI: 0xFEFF
39.180293374999998,SPI,MOSI: 0xFEFF
39.200301041666670,SPI,MOSI: 0xFEFF
39.220296666666670,SPI,MOSI: 0xFEFF
39.240292333333336,SPI,MOSI: 0xFEFF
39.260300000000001,SPI,MOSI: 0xFEFF
39.280295625000001,SPI,MOSI: 0xFEFF
39.300291250000001,SPI,MOSI: 0xFEFF
39.320298916666665,SPI,MOSI: 0xFEFF
39.340294541666665,SPI,MOSI: 0xFEFF
39.360302208333330,SPI,MOSI: 0xFEFF
39.380297833333330,SPI,MOSI: 0xFEFF
39.400293458333330,SPI,MOSI: 0xFEFF
39.420301125000002,SPI,MOSI: 0xFEFF
39.440296750000002,SPI,MOSI: 0xFEFF
39.460292416666668,SPI,MOSI: 0xFEFF
39.480300041666666,SPI,MOSI: 0xFEFF
39.500295708333333,SPI,MOSI: 0xFEFF
39.520303374999997,SPI,MOSI: 0xFEFF
39.540298999999997,SPI,MOSI: 0xFEFF
39.560294624999997,SPI,MOSI: 0xFEFF
39.580302291666669,SPI,MOSI: 0xFEFF
39.600297916666669,SPI,MOSI: 0xFEFF
39.620293541666669,SPI,MOSI: 0xFEFF
39.640301208333334,SPI,MOSI: 0xFEFF
39.660296833333334,SPI,MOSI: 0xFEFF
39.680304499999998,SPI,MOSI: 0xFEFF
39.700300124999998,SPI,MOSI: 0xFEFF
39.720295791666665,SPI,MOSI: 0xFEFF
39.740303416666670,SPI,MOSI: 0xFEFF
39.760299083333337,SPI,MOSI: 0xFEFF
39.780294708333336,SPI,MOSI: 0xFEFF
39.800302375000001,SPI,MOSI: 0xFEFF
39.820298000000001,SPI,MOSI: 0xFEFF
39.840305666666666,SPI,MOSI: 0xFEFF
39.860301291666666,SPI,MOSI: 0xFEFF
39.880296916666666,SPI,MOSI: 0xFEFF
39.900304583333330,SPI,MOSI: 0xFEFF
39.920300208333330,SPI,MOSI: 0xFEFF
39.940295874999997,SPI,MOSI: 0xFEFF
39.960303500000002,SPI,MOSI: 0xFEFF
39.980299166666668,SPI,MOSI: 0xFEFF
40.000306833333333,SPI,MOSI: 0xFEFF
40.020302458333333,SPI,MOSI: 0xFEFF
40.040298083333333,SPI,MOSI: 0xFEFF
40.060305749999998,SPI,MOSI: 0xFEFF
40.080301374999998,SPI,MOSI: 0xFEFF
40.100296999999998,SPI,MOSI: 0xFEFF
40.120304666666669,SPI,MOSI: 0xFEFF
40.140300291666669,SPI,MOSI: 0xFEFF
40.160307958333334,SPI,MOSI: 0xFEFF
40.180303583333334,SPI,MOSI: 0xFEFF
40.200299250000000,SPI,MOSI: 0xFEFF
40.220306874999999,SPI,MOSI: 0xFAFF
40.240302541666665,SPI,MOSI: 0xFAFF
40.260298166666665,SPI,MOSI: 0xFAFF
40.280305833333337,SPI,MOSI: 0xFAFF
40.300301458333337,SPI,MOSI: 0xFAFF
40.320309125000001,SPI,MOSI: 0xFAFF
40.340304750000001,SPI,MOSI: 0xFAFF
40.360300375000001,SPI,MOSI: 0xFAFF
40.380308041666666,SPI,MOSI: 0xFAFF
40.400303666666666,SPI,MOSI: 0xFAFF
40.420299291666666,SPI,MOSI: 0xFBFF
40.440306958333331,SPI,MOSI: 0xFBFF
40.460302624999997,SPI,MOSI: 0xFBFF
40.480310291666669,SPI,MOSI: 0xFBFF
40.500305916666669,SPI,MOSI: 0xFBFF
40.520301541666669,SPI,MOSI: 0xFBFF
40.540309208333333,SPI,MOSI: 0xFBFF
40.560304833333333,SPI,MOSI: 0xFBFF
40.580300458333333,SPI,MOSI: 0xFBFF
40.600308124999998,SPI,MOSI: 0xFBFF
40.620303749999998,SPI,MOSI: 0xFBFF
40.640311416666670,SPI,MOSI: 0xFBFF
40.660307041666670,SPI,MOSI: 0xFBFF
40.680302708333336,SPI,MOSI: 0xFBFF
40.700310333333334,SPI,MOSI: 0xFBFF
40.720306000000001,SPI,MOSI: 0xFBFF
40.740301625000001,SPI,MOSI: 0xFBFF
40.760309291666665,SPI,MOSI: 0xFBFF
40.780304916666665,SPI,MOSI: 0xFBFF
40.800312583333330,SPI,MOSI: 0xFBFF
40.820308208333330,SPI,MOSI: 0xFBFF
40.840303833333330,SPI,MOSI: 0xFBFF
40.860311500000002,SPI,MOSI: 0xFBFF
40.880307125000002,SPI,MOSI: 0xFBFF
40.900302750000002,SPI,MOSI: 0xFBFF
40.920310416666666,SPI,MOSI: 0xFBFF
40.940306083333333,SPI,MOSI: 0xFBFF
40.960313749999997,SPI,MOSI: 0xFBFF
40.980309374999997,SPI,MOSI: 0xFBFF
41.000304999999997,SPI,MOSI: 0xFBFF
41.020312666666669,SPI,MOSI: 0xFBFF
41.040308291666669,SPI,MOSI: 0xF9FF
41.060303916666669,SPI,MOSI: 0xF9FF
41.080311583333334,SPI,MOSI: 0xF9FF
41.100307208333334,SPI,MOSI: 0xF9FF
41.120314874999998,SPI,MOSI: 0xF9FF
41.140310499999998,SPI,MOSI: 0xF9FF
41.160306166666665,SPI,MOSI: 0xF9FF
41.180313791666670,SPI,MOSI: 0xF9FF
41.200309458333336,SPI,MOSI: 0xF9FF
41.220305083333336,SPI,MOSI: 0xF9FF
41.240312750000001,SPI,MOSI: 0xF9FF
41.260308375000001,SPI,MOSI: 0xF9FF
41.280316041666666,SPI,MOSI: 0xF9FF
41.300311666666666,SPI,MOSI: 0xF9FF
41.320307291666666,SPI,MOSI: 0xF9FF
41.340314958333330,SPI,MOSI: 0xF9FF
41.360310583333330,SPI,MOSI: 0xF9FF
41.380306208333330,SPI,MOSI: 0xF9FF
41.400313875000002,SPI,MOSI: 0xF9FF
41.420309541666668,SPI,MOSI: 0xF9FF
41.440317166666667,SPI,MOSI: 0xF9FF
41.460312833333333,SPI,MOSI: 0xF9FF
41.480308458333333,SPI,MOSI: 0xF9FF
41.500316124999998,SPI,MOSI: 0xF9FF
41.520311749999998,SPI,MOSI: 0xF9FF
41.540307374999998,SPI,MOSI: 0xF9FF
41.560315041666669,SPI,MOSI: 0xF9FF
41.580310666666669,SPI,MOSI: 0xFDFF
41.600318333333334,SPI,MOSI: 0xFDFF
41.620313958333334,SPI,MOSI: 0xFDFF
41.640309625000000,SPI,MOSI: 0xFDFF
41.660317249999999,SPI,MOSI: 0xFDFF
41.680312916666665,SPI,MOSI: 0xFDFF
41.700308541666665,SPI,MOSI: 0xFDFF
41.720316208333337,SPI,MOSI: 0xFDFF
41.740311833333337,SPI,MOSI: 0xFDFF
41.760319500000001,SPI,MOSI: 0xFDFF
41.780315125000001,SPI,MOSI: 0xFDFF
41.800310750000001,SPI,MOSI: 0xFDFF
41.820318416666666,SPI,MOSI: 0xFDFF
41.840314041666666,SPI,MOSI: 0xFDFF
41.860309666666666,SPI,MOSI: 0xFDFF
41.880317333333331,SPI,MOSI: 0xFDFF
41.900312999999997,SPI,MOSI: 0xFDFF
41.920320625000002,SPI,MOSI: 0xFDFF
41.940316291666669,SPI,MOSI: 0xFDFF
41.960311916666669,SPI,MOSI: 0xFDFF
41.980319583333333,SPI,MOSI: 0xFDFF
42.000315208333333,SPI,MOSI: 0xFDFF
42.020310833333333,SPI,MOSI: 0xFFFF
42.040318499999998,SPI,MOSI: 0xFFFF
42.060314124999998,SPI,MOSI: 0xFFFF
42.080321791666670,SPI,MOSI: 0xFFFF
42.100317416666670,SPI,MOSI: 0xFFFF
42.120313083333336,SPI,MOSI: 0xFEFF
42.140320708333334,SPI,MOSI: 0xFEFF
42.160316375000001,SPI,MOSI: 0xFEFF
42.180312000000001,SPI,MOSI: 0xFEFF
42.200319666666665,SPI,MOSI: 0xFEFF
42.220315291666665,SPI,MOSI: 0xFEFF
42.240322958333330,SPI,MOSI: 0xFEFF
42.260318583333330,SPI,MOSI: 0xFEFF
42.280314208333330,SPI,MOSI: 0xFEFF
42.300321875000002,SPI,MOSI: 0xFEFF
42.320317500000002,SPI,MOSI: 0xFEFF
42.340313125000002,SPI,MOSI: 0xFEFF
42.360320791666666,SPI,MOSI: 0xFEFF
42.380316458333333,SPI,MOSI: 0xFEFF
42.400324083333331,SPI,MOSI: 0xFEFF
42.420319749999997,SPI,MOSI: 0xFEFF
42.440315374999997,SPI,MOSI: 0xFEFF
42.460323041666669,SPI,MOSI: 0xFEFF
42.480318666666669,SPI,MOSI: 0xFEFF
42.500314291666669,SPI,MOSI: 0xFEFF
42.520321958333334,SPI,MOSI: 0xFEFF
42.540317583333334,SPI,MOSI: 0xFEFF
42.560325249999998,SPI,MOSI: 0xFEFF
42.580320874999998,SPI,MOSI: 0xFEFF
42.600316541666665,SPI,MOSI: 0xFEFF
42.620324166666670,SPI,MOSI: 0xFEFF
42.640319833333336,SPI,MOSI: 0xFEFF
42.660315458333336,SPI,MOSI: 0xFEFF
42.680323125000001,SPI,MOSI: 0xFEFF
42.700318750000001,SPI,MOSI: 0xFEFF
42.720326416666666,SPI,MOSI: 0xFEFF
42.740322041666666,SPI,MOSI: 0xFEFF
42.760317666666666,SPI,MOSI: 0xFEFF
42.780325333333330,SPI,MOSI: 0xFEFF
42.800320958333330,SPI,MOSI: 0xFEFF
42.820316583333330,SPI,MOSI: 0xFEFF
42.840324250000002,SPI,MOSI: 0xFEFF
42.860319916666668,SPI,MOSI: 0xFEFF
42.880327583333333,SPI,MOSI: 0xFEFF
42.900323208333333,SPI,MOSI: 0xFEFF
42.920318833333333,SPI,MOSI: 0xFEFF
42.940326499999998,SPI,MOSI: 0xFEFF
42.960322124999998,SPI,MOSI: 0xFEFF
42.980317749999998,SPI,MOSI: 0xFEFF
43.000325416666669,SPI,MOSI: 0xFEFF
43.020321041666669,SPI,MOSI: 0xFEFF
43.040328708333334,SPI,MOSI: 0xFEFF
43.060324333333334,SPI,MOSI: 0xFEFF
43.080320000000000,SPI,MOSI: 0xFEFF
43.100327624999998,SPI,MOSI: 0xF6FF
43.120323291666665,SPI,MOSI: 0xF6FF
43.140318916666665,SPI,MOSI: 0xF6FF
43.160326583333337,SPI,MOSI: 0xF6FF
43.180322208333337,SPI,MOSI: 0xF6FF
43.200329875000001,SPI,MOSI: 0xF6FF
43.220325500000001,SPI,MOSI: 0xF6FF
43.240321125000001,SPI,MOSI: 0xFEFF
43.260328791666666,SPI,MOSI: 0xFEFF
43.280324416666666,SPI,MOSI: 0xFEFF
43.300320041666666,SPI,MOSI: 0xFEFF
43.320327708333330,SPI,MOSI: 0xFEFF
43.340323374999997,SPI,MOSI: 0xFEFF
43.360331041666669,SPI,MOSI: 0xFEFF
43.380326666666669,SPI,MOSI: 0xFEFF
43.400322291666669,SPI,MOSI: 0xFEFF
43.420329958333333,SPI,MOSI: 0xFEFF
43.440325583333333,SPI,MOSI: 0xF6FF
43.460321208333333,SPI,MOSI: 0xF6FF
43.480328874999998,SPI,MOSI: 0xF6FF
43.500324499999998,SPI,MOSI: 0xF6FF
43.520332166666670,SPI,MOSI: 0xF6FF
43.540327791666670,SPI,MOSI: 0xF6FF
43.560323458333336,SPI,MOSI: 0xF6FF
43.580331083333334,SPI,MOSI: 0xF7FF
43.600326750000001,SPI,MOSI: 0xF7FF
43.620322375000001,SPI,MOSI: 0xF7FF
43.640330041666665,SPI,MOSI: 0xF7FF
43.660325666666665,SPI,MOSI: 0xF7FF
43.680333333333330,SPI,MOSI: 0xF7FF
43.700328958333330,SPI,MOSI: 0xF7FF
43.720324583333330,SPI,MOSI: 0xF7FF
43.740332250000002,SPI,MOSI: 0x77FF
43.760327875000002,SPI,MOSI: 0x77FF
43.780323500000002,SPI,MOSI: 0x77FF
43.800331166666666,SPI,MOSI: 0x77FF
43.820326833333333,SPI,MOSI: 0x77FF
43.840334458333331,SPI,MOSI: 0x77FF
43.860330124999997,SPI,MOSI: 0x77FF
43.880325749999997,SPI,MOSI: 0x77FF
43.900333416666669,SPI,MOSI: 0x77FF
43.920329041666669,SPI,MOSI: 0x77FF
43.940324666666669,SPI,MOSI: 0x77FF
43.960332333333334,SPI,MOSI: 0x77FF
43.980327958333334,SPI,MOSI: 0xF7FF
44.000335624999998,SPI,MOSI: 0xF7FF
44.020331249999998,SPI,MOSI: 0xF7FF
44.040326916666665,SPI,MOSI: 0xF7FF
44.060334541666670,SPI,MOSI: 0xF7FF
44.080330208333336,SPI,MOSI: 0xF7FF
44.100325833333336,SPI,MOSI: 0xF7FF
44.120333500000001,SPI,MOSI: 0xF7FF
44.140329125000001,SPI,MOSI: 0xF7FF
44.160336791666666,SPI,MOSI: 0xF7FF
44.180332416666666,SPI,MOSI: 0xF7FF
44.200328041666666,SPI,MOSI: 0xF5FF
44.220335708333330,SPI,MOSI: 0xF5FF
44.240331333333330,SPI,MOSI: 0xF5FF
44.260326958333330,SPI,MOSI: 0xF5FF
44.280334625000002,SPI,MOSI: 0xF5FF
44.300330291666668,SPI,MOSI: 0xF5FF
44.320337916666666,SPI,MOSI: 0xF5FF
44.340333583333333,SPI,MOSI: 0xFDFF
44.360329208333333,SPI,MOSI: 0xFDFF
44.380336874999998,SPI,MOSI: 0xFDFF
44.400332499999998,SPI,MOSI: 0xFDFF
44.420328124999997,SPI,MOSI: 0xFDFF
44.440335791666669,SPI,MOSI: 0xF5FF
44.460331416666669,SPI,MOSI: 0xF5FF
44.480339083333334,SPI,MOSI: 0xF5FF
44.500334708333334,SPI,MOSI: 0xF7FF
44.520330375000000,SPI,MOSI: 0x77FF
44.540337999999998,SPI,MOSI: 0x77FF
44.560333666666665,SPI,MOSI: 0x77FF
44.580329291666665,SPI,MOSI: 0x7FFF
44.600336958333337,SPI,MOSI: 0x7FFF
44.620332583333337,SPI,MOSI: 0x7FFF
44.640340250000001,SPI,MOSI: 0x7FFF
44.660335875000001,SPI,MOSI: 0x7FFF
44.680331500000001,SPI,MOSI: 0xFFFF
44.700339166666666,SPI,MOSI: 0xFFFF
44.720334791666666,SPI,MOSI: 0x7FFF
44.740330416666666,SPI,MOSI: 0x7FFF
44.760338083333330,SPI,MOSI: 0x7FFF
44.780333749999997,SPI,MOSI: 0x7FFF
44.800341375000002,SPI,MOSI: 0x7FFF
44.820337041666669,SPI,MOSI: 0x7FFF
44.840332666666669,SPI,MOSI: 0x7FFF
44.860340333333333,SPI,MOSI: 0x7FFF
44.880335958333333,SPI,MOSI: 0x7FFF
44.900331583333333,SPI,MOSI: 0xFFFF
44.920339249999998,SPI,MOSI: 0xFFFF
44.940334874999998,SPI,MOSI: 0xFFFF
44.960342541666670,SPI,MOSI: 0xFFFF
44.980338166666670,SPI,MOSI: 0xFFFF
45.000333833333336,SPI,MOSI: 0xFFFF
45.020341458333334,SPI,MOSI: 0xFDFF
45.040337125000001,SPI,MOSI: 0xFDFF
45.060332750000001,SPI,MOSI: 0xFDFF
45.080340416666665,SPI,MOSI: 0xFDFF
45.100336041666665,SPI,MOSI: 0xFDFF
45.120343708333330,SPI,MOSI: 0xFDFF
45.140339333333330,SPI,MOSI: 0xF5FF
45.160334958333337,SPI,MOSI: 0xF5FF
45.180342625000002,SPI,MOSI: 0xF5FF
45.200338250000001,SPI,MOSI: 0xF7FF
45.220333875000001,SPI,MOSI: 0xF7FF
45.240341541666666,SPI,MOSI: 0xF7FF
45.260337208333333,SPI,MOSI: 0xF6FF
45.280344833333331,SPI,MOSI: 0xFFFF
45.300340499999997,SPI,MOSI: 0xFFFF
45.320336124999997,SPI,MOSI: 0xFFFF
45.340343791666669,SPI,MOSI: 0xFFFF
45.360339416666669,SPI,MOSI: 0xFFFF
45.380335041666669,SPI,MOSI: 0xFFFF
45.400342708333334,SPI,MOSI: 0xFFFF
45.420338333333333,SPI,MOSI: 0xFFFF
45.440345999999998,SPI,MOSI: 0xFFFF
45.460341624999998,SPI,MOSI: 0xFFFF
45.480337291666665,SPI,MOSI: 0xFFFF
45.500344916666670,SPI,MOSI: 0xFFFF
45.520340583333336,SPI,MOSI: 0xFFFF
45.540336208333336,SPI,MOSI: 0xFFFF
45.560343875000001,SPI,MOSI: 0xFFFF
45.580339500000001,SPI,MOSI: 0xFFFF
45.600347166666666,SPI,MOSI: 0xFFFF
45.620342791666666,SPI,MOSI: 0xFFFF
45.640338416666665,SPI,MOSI: 0xFFFF
45.660346083333330,SPI,MOSI: 0xFFFF
45.680341708333330,SPI,MOSI: 0xFFFF
45.700337333333330,SPI,MOSI: 0xFFFF
45.720345000000002,SPI,MOSI: 0xFFFF
45.740340666666668,SPI,MOSI: 0xFFFF
45.760348291666666,SPI,MOSI: 0xFFFF
45.780343958333333,SPI,MOSI: 0xFFFF
45.800339583333333,SPI,MOSI: 0xFFFF
45.820347249999998,SPI,MOSI: 0xFFFF
45.840342874999997,SPI,MOSI: 0xFFFF
45.860338499999997,SPI,MOSI: 0xFFFF
45.880346166666669,SPI,MOSI: 0xFFFF
45.900341791666669,SPI,MOSI: 0xFFFF
45.920349458333334,SPI,MOSI: 0xFFFF
45.940345083333334,SPI,MOSI: 0xFFFF
45.960340750000000,SPI,MOSI: 0xFFFF
45.980348374999998,SPI,MOSI: 0xFFFF
46.000344041666665,SPI,MOSI: 0xFFFF
46.020339666666665,SPI,MOSI: 0xFFFF
46.040347333333337,SPI,MOSI: 0xFFFF
46.060342958333337,SPI,MOSI: 0xFFFF
46.080350625000001,SPI,MOSI: 0xFFFF
46.100346250000001,SPI,MOSI: 0xFFFF
46.120341875000001,SPI,MOSI: 0xFFFF
46.140349541666666,SPI,MOSI: 0xFFFF
46.160345166666666,SPI,MOSI: 0xFFFF
46.180340791666666,SPI,MOSI: 0xFFFF
46.200348458333330,SPI,MOSI: 0xFFFF
46.220344124999997,SPI,MOSI: 0xFFFF
46.240351750000002,SPI,MOSI: 0xFFFF
46.260347416666669,SPI,MOSI: 0xFFFF
46.280343041666669,SPI,MOSI: 0xFFFF
46.300350708333333,SPI,MOSI: 0xFFFF
46.320346333333333,SPI,MOSI: 0xFFFF
46.340341958333333,SPI,MOSI: 0xFFFF
46.360349624999998,SPI,MOSI: 0xFFFF
46.380345249999998,SPI,MOSI: 0xFFFF
46.400352916666670,SPI,MOSI: 0xFFFF
46.420348541666669,SPI,MOSI: 0xFFFF
46.440344208333336,SPI,MOSI: 0xFFFF
